nombre,descripcion,cantidad_piso,cantidad_altillo,fecha_registro
GC AEBBDBC, cBRZDhUQRZeMljLXMaXRRRVbEOAZf aZAYBPRSg,13,17,2013-05-23 12:39
 F FHGFF C,hC YT WXfgCSgESUNdHWCHcPWOblEDcgkYTkZKhB,15,18,2012-11-15 3:59
HG IDAIHDA,FEDQXcRLISCUECHlNEcaPMdTFCShJfT ZIUEMcFc,2,15,2015-04-26 10:19
E CEADDEEB,fUgHVAhHdiYGROAjHBiCTNeMckMKDfO kHOYbiVd,14,8,2017-06-04 5:16
HBDFCC DCE,Re DMcNNNLPVdKgVFG   BW PadIjHjWiGGehH I,14,4,2011-11-20 11:26
BBBG IFFGE,HSHaQQU liCbeOAeXAIh YHYADIIYeiJQLekLeWR,11,15,2011-12-23 8:55
AF GCCEEIA,WDGi CJAKJRdjX NTLBKEeZLORlPQEUViAKMZLUI,7,12,2018-10-02 10:14
GH  FHDABG,EdPTeYO iHAhSjRPCkQKZieGSULEZIidZ OWKGYi,4,10,2014-07-05 9:43
FIAHI GCAE,TZFNDeARIcV ZlQ PWXiXUQUVYUHlXLhPVMR Yag,12,14,2010-04-27 6:10
 IHG  AGH ,MheNjNCY MgYcUNabYTKcgSfUglYCl MQjXfFVjb,8,3,2017-05-24 9:52
HAIEBCDBFF,KaUPJOfEIQAjG blNIJGfPJWEilYfWCTRhFWDLGW,14,10,2012-01-10 8:13
DFGEBGC E ,KSLgI jfiKgJWSEFgZeMlHPjWPFFdFdIDZc LYDN,16,5,2010-03-07 2:41
EH DHBGIBC,GTOAcMUkjdQChGSKIPdbPKPKIYBJNSHOhaBgBQjd,8,19,2010-12-13 10:42
CHGFEFDIFI,N JACiWOAfVkkAWLXBbEIcZTFfGOcdRRRcT gRTL,5,6,2017-09-13 4:14
DFHG  ICID,Sfc OSgLOMUaYjTIN XFiFlXXDkkTfIMlCCcPYcU,4,8,2018-11-27 7:21
H GACAAD E,ZhNg dLhOTPPYleHREeaKDKkMVaReBljTI jRIC ,1,10,2018-12-30 4:00
EGHCA H HG,lXjSLGMeieShVUERKYCL QHWPlLPKcGGKYhUcDE ,5,8,2011-08-28 5:13
DEEAB BCA ,LlCHKB ZKkIdOCcIeHZGfYDbUESCOWkC JCIXbEP,3,13,2013-05-09 8:27
A GD C HGH,ILMjccNMUeKC JNZEPYMRPaTPhWIOg  aCWeBjaE,5,4,2011-01-25 12:34
AAACICCABD,QRPUDMSP  CcNOQ kUFadjAadRVAGdDBZJlkZlNb,0,10,2013-12-11 2:52
H IEHBBCEF,ZHUIOTgZFgiFSHIOb i VckdGJbUHQHFZ ZfXbbC,9,4,2013-12-25 10:42
GGAFICFCE , DAYIPHYkhCIXHkIcikdcKhGEJEKCGPCjIKKgdIQ,2,6,2013-05-29 8:23
AFDBAEFCFA,NFGTKDkclhIkCcQhNSAbGDgDVOaEYHJMBMRgiWhS,1,8,2017-12-08 8:57
CAICCCIEEE,YMYlfJGYLFiAVET cHRYPb aW OKbgaTafl PlOB,5,9,2017-03-30 9:57
C CCECCD F,JPbA JIQgTAK AAIaTLJORKNARCeEldiLXXFHW N,7,15,2013-07-17 1:07
EGDBEAIBDF,AMHX eEdFUYcLlQGEUdGHlJgIZiZBVPdkMiAXjYW,1,14,2015-02-23 10:26
BHBGFGIA  ,YCOiBRQCeGLBbfJ RQlUXgWcWDgKeMOlKYGMDkNJ,2,11,2015-03-06 9:48
GFDHHFEFA ,LfZd PZef hSBbiMbSUCSYWD ZX VUMdJPWCJAJZ,5,13,2016-03-23 8:25
EDHCHHEBHF,PkJMYMSlNOPYcXaKaNUJfGYROPEjFHNDQjf eRlF,10,2,2016-08-05 11:16
CBHIFBIGFG,XMDhYA FWhMQDIXXVRGNSQcAUaAlkXEDcRZAFEBW,18,7,2016-10-16 4:30
CA CGCHHCE,RCIV BPeaMHckTJFQKfS F AIa jTbZcQf  KVFk,13,11,2010-03-08 8:35
GA CE FBHH,gbUPGJXFhZaJFJHFlTRCfLES dAdLYblN SNaNEJ,12,14,2010-06-27 3:52
B GIDCEHCA,K e KUYPLUAF ZBaZTcYDARgFjfTBcSVZI XBQJM,10,1,2011-12-14 5:06
 GH BHCEEE,FjZjEccIjANS ZYHikO cbYHBR TQLfcDlSABZfJ,19,5,2013-08-26 9:16
DBBBDCEGF ,lZNLVXd JghgQGBN YICIUWQLIedjSicYAIQAWXX,7,10,2018-02-25 1:41
GHCHDDEIFD,LJVcjOSf PPDichRiIZaVBZHkKXFckMSEhjT IDE,6,17,2010-12-25 6:27
GF CCC GFD,e  CTKMPMYURhhfYR YSOLaIQCVATIOkSjQVILTB,17,5,2016-01-15 2:40
CADG CBEDG,CkFiBKMFHYZeeUKZEBgLHFRINYj NPDkVcjIEkMN,12,10,2016-09-07 3:18
FGAAEGEICE, QMGhaahHHVHCL eddgYRCUUdjkaO OZbWkkLLZH,19,4,2011-05-03 7:39
IHFII GGG ,JQUkGhfBVfkcYRjKEQDZCQjgaFMCHRjjOQK dARS,5,16,2017-06-28 12:54
FCH BHIADG,fTSVcKFcDaETlhhiIEIIQHefYeOjcfGADd GFTGi,14,5,2010-09-27 8:58
GFHCDG HAI,fOAbAgRLENYDLegkHNhZRRQLEYAC fHPbINiBVFQ,14,14,2011-06-23 1:08
GHECHABGBI,jUFXg SQU TTbcOPKkdeIWJYXcikQRZBYKfWVGPZ,1,2,2017-10-28 6:56
IEIHDCDBGB,APfCJf VflVaIaFVUeTMRSkTAPh eJQKMNAZkWlc,4,9,2013-02-24 11:47
EEBBB  CGD,FTCgbBaKGUYAPAECHLXRgVGJXXjQk EdclgSlbAe,15,1,2010-07-15 1:22
IFAGEDGDBF,UCZYjObPYcBFYJd LDhHWVFbVjSHalYiJdDRKQOL,0,0,2012-03-27 4:59
 GH CFFGCI,LFVdXjOhjbEhOhaZNPcADWP AchTWdebPQJWKMEd,19,0,2013-02-28 2:34
IGFDHHIEAE,BJAUcMVfPCUhG QMVFMGb VCSTLdDblCBMYbdTOh,10,7,2011-12-15 11:58
 GECIBFD F,hXEYHKRZ g CdAfYTPPlYHLACcHdhhjPjOWMMgAT,16,17,2018-08-15 11:25
CHBEIACEGA,KEcEPYRkLdFge KUfCDCbXCVaPLUMS Ekhh NF S,16,18,2014-09-01 2:32
 C IGFCCEB,MO eeFXDPEeDBiPHljSMB UJB ORVVDdC iIOdNk,14,4,2013-09-30 12:34
EB BHIDHCB,cCETHWYWXc LGALdQggkGRHDQZULFalHZVd PHBc,16,1,2018-01-18 3:40
ECEFIABF A,XCZVMcOGLhWdODhUQUKEdDJhKlN aZWSYNUfUYQl,16,13,2014-02-14 12:14
C IAFE DCE,D iRBUNiIPALXFJ AcgdIKbbIdkiLPBKDkE MieW,9,19,2018-04-04 7:28
G BGBGAEI ,aHTZIjkhSVFfILDh UHhiTbjAGSVfcTPQWhVGRCe,0,2,2011-04-18 5:57
HDDFCGHEAA,bXkWWVZTCY BiIOa kOM JTHHRdVDPcV ASQUBNi,11,13,2013-07-03 3:22
GB IEBI HC,HBFhKSWAJIPjLMNWejPQZk C KOIAgaGeMGlDSVI,17,11,2014-07-16 12:16
DF  HBIBBF,HIXJiiYgScXcMRGd hZUTEIXSJUWbJYRBLXafDil,14,3,2015-03-05 10:05
ADGFAGEGAD,TDOWTLEGlQlOWSeHYMF JHU PWZHEEFDcEi UdCk,9,17,2011-03-28 6:39
DFAIG CGHH,YPGPLDER aQKlGhciicTkVGTiWl bBQbdHBGAeHW,10,18,2012-08-24 5:02
AHICIAADFH,eDFL FlDeMbXAjUSDM CfHgZRaLRNZEibfSfc Hd,5,9,2012-12-09 3:41
CCAEDEACHI,gAWR Q  XXhVPTa he cdaCFaXFhdMQU BILgQjl,10,17,2015-05-19 2:48
BDCBGGFFE ,BJkaCJTkKi QTheS GGbVPhOYASEOcS PPUTkag ,6,17,2017-06-28 4:04
EFAIA  DFG,caaHDGCYjh cN KZZaYhJhMBLEFMIYdfIDP diNA,4,1,2013-07-15 2:21
BD EFEIDHA,BTBYKCiTHXPiLcTPhOWfhNPjBNOgJBAGJSKlaIMg,10,12,2017-03-17 10:48
HBIGHIAFAG,KKPACPgPLTYgTIK OCHcBAVgPMYBlec UfWCVCVO,3,0,2011-03-14 4:21
BEC EB  FI,K lGGYaBKXhhEXJfkbMaUgcdjZEbVSgXHEeCQdeP,12,1,2012-09-22 2:06
EDFIIBA EC, CSQEkiIQ gNLchPlAQMMKIchDgDiBdARYTPdIdQ,14,17,2017-09-13 8:44
BCFCEBEDDG,VDeJgcgCgXVkWbkPYLXKWPlZdZWPchQZVFPSTIFX,3,17,2012-01-13 2:48
FCGHEBDEE , gBSAKhCQjjANakRCKhYZbJXNUVUSaR bFdkCIXP,15,6,2014-02-22 9:02
EFAIAFEDDH,iGDgDWTf YiGVgLPVCHKYWhKiBDfWLF GOEXWBcl,5,0,2017-12-11 3:18
EDFFEHABGG,BlFJZJPOBCM k akEIck  fULVDMCUKAQFORlEZa,9,2,2014-05-23 8:22
 IBHH GEIH,FOKMNOgHdNQgLlDgFESP X bIXTDPdXdUdcObDSD,7,5,2010-08-23 1:13
DBDGDIF CI,B bETeRhOBWWNHFY AcOaWIMKRPEMiLGYhhSAG j,10,9,2013-05-13 9:57
 EAFCIE  C,QGfClMClGiLkUFeSIf ALjEZgFhgDTJSGcBciORT,19,14,2011-10-18 1:59
FIHEDF GGI,WUYTAXRM QQBUJkCNaWKiKaJIXDTRHZCSNRgGhIA,11,7,2017-11-27 5:55
BHB HHCAAA,gPgbRSbPSY GMHkdIWKJglejLFePUFAaJUFRTRaD,19,16,2011-12-29 9:38
FEDBAH HIA,h BENJVgeGSceKl lJUGSNCBIUghObORalhkBQeP,8,13,2017-11-27 2:28
 DAAHGDCHH,gTRJTWjDiGUUHbcfgaUMTcTbIXXIBYPjWbRURLCb,6,12,2017-10-20 5:12
GGBACCIHEE,dPfifSEjDJJKdWTRJ jXJPNLVfEcBSBZdkPjeRZD,14,19,2013-07-05 2:33
I IFGBIGCB,SGFOaMfQHLDPV flgXQlAQbWiRMJVFDZIRFbYSWT,18,13,2015-01-18 7:32
AGBECDGEEC,NQigAE cKGjMTQC CTYSiMWGNVeYaPdhAFULbZda,13,15,2014-08-08 12:40
EDGGHDGBEC,JAiiILeFU VbITZkZDRIgPcDHNMhGGNL QkBYP O,17,14,2017-10-09 8:34
GDE AAIDFB,dlZUMJefZUbAddDNe WWQEbGfCgjQZPfNESWIAgh,4,18,2011-10-01 6:31
AEAEAEADAH,cLgXdS MWQKNblPUiYZBXeAhXCPDfkjbCgXUSFhX,10,2,2013-02-22 11:32
FBD BACHIC,JGVHSNDNR MQWVYgPClBXhWe BaYgPgeIKjKJbNU,16,6,2012-11-23 4:41
EDGBIAIHGI,bJP ZjddePcBfEVHEiSXdgQGKjGQVjWUGHPFkCGc,4,9,2010-05-19 5:14
DDCAEFBCCB,JaaJDIDZSjXYcBFW FGKcCC KJFVNhaj NYCZhNc,12,10,2013-06-29 2:07
AEDHDCHCH ,MkTTCBfQh eJaeiBLCWZRidfISUiVVccQcWPKdTX,17,17,2012-12-25 1:27
B ECFDFFFI,hhfIBTBbQJYFWPEZcEDGW XKgjgYYJZZeBOTTDXj,1,8,2015-12-31 9:37
DDDDEBDDEH,KkWaEPZ jMUaI lAbQKbCWEUejbeBlGNESJeIgQQ,17,19,2015-07-04 3:31
EFD ABCCFG,UKClN ZRFZZLBELDMEYbJjICSbLegdE HeccdbVj,1,15,2018-11-07 5:38
 BBGIEH IC,jUiGYIFcORScjPHaaDgWNJHRbHIPPIhDkd hSbPE,18,3,2013-05-30 1:03
ABEADCFIIF,GRRPIkJjFVAdKfgLRkhOCZbbkNEdbVQO ePGigAF,18,13,2018-02-05 5:25
GAIFCEFHHB, leAEBQlGTgJhDB MlWliZjjIIiFZKOVJEPITdbF,11,4,2011-06-09 1:32
 A AFDHDDB,WHIaO ZeRAYVMXQiMXQNDPGLMdJZblHAjSDZOSXc,18,12,2016-07-10 6:05
IAB HFCIDI,Sk CDARbjYSEFIhXCZMdERIUCYhhZJOkEcGLCBXP,15,7,2010-11-28 3:44
HAAGFIBDH ,TgBUHXUfRgVQAUMRFgQSLMGSEPcgGUgeVUh TWcR,0,14,2018-02-01 3:44
IE GACHDAE,FZZ ccEMekKCRTKbcYkjFTbaYISdQdGZAVQhdaQT,18,8,2016-11-11 1:24
ACDDDGH AA,SjEW K DQbcRPQYWeFGglfWccfSAbYGMJXjZFjXh,0,14,2013-03-07 6:55
EAEGC CD F,eTKMVGcIchEPKeMkbgbWfDOXkFMkHR lYQZif UN,3,3,2010-08-31 1:31
FECH HEAGB,BMOdiKEVbLiSZUjGMeFDhjFHJ HkSVPXlZQIPaHN,19,8,2012-07-18 5:52
HEAIDH CHD,RLZIh XTFGAIgfcIBkRMBJYOg fbeibaMFQJPUMC,15,17,2015-04-27 12:18
B DGAACDHE,DJj  WY YlNP E DcGYgKaZBEMOFWlUWgVTMZhik,15,6,2016-09-19 9:46
GC IBEIDCH,FWi EUMQW eXlBTINGVcGRZKiVXPUDIOgCEdYWJX,6,14,2018-07-14 4:08
A IEFAHGGD,gC aBD gMDWPGLYRN RCh OIFLfaYJSVLaBjMMMa,10,19,2015-12-31 5:37
AECI DBGD ,jaZIVeGHKQfIbOgALEhQeZieCRajTeHFeAFUIDeT,2,11,2010-01-21 8:17
IICHDCEEFA,KIRB ielGhQlhBWfgdOVcAlVUNeEFPVJg GCO aP,12,14,2013-09-27 9:44
EFEAADH  D,ZKjQLGLXGcAJGa Djlka LPHhU cUfRRROHhUNkU,8,14,2013-03-13 7:00
 C AEIIEBF,EMNDKjFeSZQfbgCHjRcBfbkONHfjY W QNdFYOBJ,0,1,2016-09-16 6:01
DADIBFHGIH,BaHDjYHCiRdeVXAPbeOMOVIEaOYNSBecMDE DZZc,18,8,2016-01-16 3:18
CABGBD ABI,UdUGTdXY DaUPOOQCiibLQCLQCJNNBXGGMlgRMVK,9,3,2016-01-20 8:21
AG IDGBDD ,FH  OLOdXdNJhaGHdRdBNkkR hFABPZccQBKLchO,7,2,2018-08-01 1:45
ACDI ICH A,JjhhZIaQPTMkWEXiSfMRhGPQRd SQYOfCYUffYfK,4,17,2013-03-12 8:18
 EGHFHH  B,AU TeDeVhdAfH kWVPRUFHUhiSLVkd URZSLFhWd,17,7,2010-05-18 2:40
CDCBAEFFEA,MQiGQgRIdTXGQbbgXjaaUMOHiahMbgjRWVTlYVFY,9,11,2017-10-16 3:20
EBBCCHEEAA,blPdRPZWYLUNiGRCCOPiPPgEccVNQlV YGEkPVBb,15,4,2018-09-17 3:58
IADGDFFABE,AQQTMbIAXObBKABAPW NAEhfMMiJVbaKCMOUWNea,9,5,2011-02-13 6:32
CADFBHGIGI,IEJWSV eFFLFcWKOUKaWZXCk WlRNQEabhGPANOX,10,14,2014-01-20 12:50
ACDAAE CHC,VRbdLbDJW eYeKTjBJMhZKZG kUDgXeF kjM bab,11,13,2017-04-05 2:29
HDHDAIA A ,eTWTDEbIJLLSO PiDHMKkXgWgcdSkHISkSAIkEgW,17,8,2011-10-01 1:26
I EHFAEG H,ZidfDMNSIaRGZNEMPkJdhUCCVhkKVcMVORJITQ i,5,9,2017-02-09 1:22
DF CGHHAEI,UWNKGFWQXkTJGIR  VbYCPHVBOPeaBDfXcUSVUAJ,0,19,2013-12-24 2:24
E B C AHGF, bkYbHWRgQOcKiYhePdScBeRiDMS KUCKdbFcl L,7,7,2016-05-22 12:17
CED DIGEHI,RaQYbZJLNjVF XRVd OelNgclOgGLPSfUDRHFDTb,14,15,2016-07-19 12:21
BFBAA BGDF,SGMYKTFISkK CMeZkcVcENkeFGaSTTALFjWceBJI,14,4,2012-09-16 1:23
I GD  DHBD,SGUBSaOGa h Ghl YjMSJCOA BeFOLlYaRcjPO L,14,2,2010-02-13 10:38
IDAIIG AGC,DblVMHiKB lUSCQSC XGOYfKkOVMBiOUeTJfFeJl,8,19,2010-03-29 6:59
FFIBGDIBGA,QdPgKUNDCXDgGcRlPdCOXNfCIgWdGaLXk aaYZBZ,9,14,2018-02-15 5:43
ABA BC BFG,jTOKeeALSkfJ OFcbiFQbVYQE BYDlWHZaSEMSA ,11,12,2013-03-30 4:29
GAAI  DEF ,OEQhYNcHiEh NeNKPOdYYJAQNVLjNPdGGDCggkBA,18,16,2013-06-23 9:23
EDAIIBHADB,MHLXcVIRFNYJWakW IFlBjASEbXNAPJ KYkRXQBG,19,10,2014-05-22 5:25
CEADHAHI F,KUIEbe SQ XZgIRClSDKdKefhFfMOUVbFiP RWVF,16,4,2017-10-19 5:23
C  HCAEDFI,JBORINKNVBAkKFXg liQYMEaRUlOWGScBbFHAIXj,5,10,2012-03-14 2:02
IEIF FH C ,dQDKhQQIRcPfa hZWGbd cAQERPLOlUdVHSZkVhh,5,13,2017-02-12 2:44
EGICDAEAHD,CBYiIUEJNiHTEjWKXABiQHFjW fYaWlCiDlPd JR,0,13,2018-08-25 5:02
FCFE FHHBG,ZJCFgchRIVcSlRgETKeL IZAfflRVdVggl QSkEJ,3,15,2011-06-19 7:23
A IEIBCEB ,gQTFRAJhkk TlhFHNOdXUTTdKkAdRiOQFlhbNRTb,0,4,2011-10-15 6:45
GBHHCBEECA,AWfCakEEK lPMOJJAI  LZSZ  MDFiZi XcjPFHi,17,6,2017-10-11 1:50
FGDHGHEBEC,aKiWXALWNNRARENhYH JeblhWWbVPQCkilbMJWZK,10,8,2012-09-25 11:24
FIHDAHI DD,DTaVDCklbYWjUYXCZ HjXdADdRTM UiME HABIiX,7,1,2013-04-27 12:18
IGIHGIAFEB,QDQhQMiD   lBJ jlLNAMUNYM XOgAaTCjOeBEWU,1,6,2017-05-07 12:52
IDGFFI  H ,RUZeWRZAYYjj NcEDB jQRJ hRcLITBgOZIXfIKa,2,2,2018-02-26 9:17
C B GGDBIE,gRINJXhHO dfTJIFLRIMjNgjlKWeDfUBEYeC Bdb,1,9,2016-09-06 1:33
AD CGCDEEA,C hMG i HAflIOXlAVaIFcWLbSWIXRUYCjEFKdZl,12,15,2013-06-03 6:58
CDACIFEIHE,GLTFJfSDcKXiSjlFGSLIVJalAVIYDZlGieBMFGXL,9,8,2015-09-11 5:18
ICFBAGAECB,CLJghKAhXcJXWicCKBGTcNBWBcIDS cCIVURGRTB,4,8,2018-10-27 2:55
EIBB IAFCG,WFCcEUaiBLlYJZLaHShPLQbSMMYjffiSLUBMkaDZ,16,9,2015-02-28 9:11
HDDGGECFBE,SgfWRdgdifDcFAZNTIdHLZKbUG GaeXlUAXVJSVc,11,12,2010-10-31 10:02
DIDHG AGGD,djjTCNTOjkPEgFHkCK DZIfBFlcFKkGXAMFZTWEW,17,4,2011-03-18 3:37
 FIFADC II,C TZIljYXFeCkRVkCSlCDQHJfEkJTSfLS dAIZVT,14,1,2017-06-22 9:21
BBEFFBGHEE,fNBXihUHJMOhiHaKGERVLXOcGjDEGCRiWGDeIlB ,2,5,2017-05-16 8:45
FDAADGEG G,M  jXBBUNUQONCKH DDDSOdAAfPUJfcGP jWKSMW,1,15,2018-09-24 11:36
AIAGECEBCB,ViThcUk MYPiVNfTHjAFjQdEQHZje UdMBSVeKCB,3,3,2012-06-28 6:14
 AIFAADIFF,PFiYhe lFXSiUjZQdRV SYlhljHQ QkGKNRaFTTZ,2,8,2014-01-11 11:35
EBBDB GCGI,VMFLci AQRhiMKNcPNMAIbRXhFRlCc fLKXETYU ,16,17,2016-01-05 8:22
GFIDFIGHGD,EDXUbV ZjHXDEGbAFSUXSa iegbEAecRQhjHl IE,2,16,2014-02-14 12:37
ADB GHGICF, OZeUSEFTPlRRABWedOdPCGL LbHREf  jbGKhbC,12,12,2014-08-08 1:20
ADIG EAFGA,CFPFMNOeAAkeSFFEFOFFVLcQEfFSgGFUJHcYaJJU,12,15,2016-03-05 7:17
HDBGD EDBF,REOMe SHbhk GUAEcYXeJPcQbdjaDGGgjBVYNgCZ,13,9,2010-11-28 11:28
IACGEIHGGH,TcZFiSadWdTLlLdZgGiBAiQZjKbHaSGhiRKaJKMD,7,16,2012-02-11 6:03
IHEDCBII E,SWDiiGWFgMINKHSUVeh IiGPY kGHPjREcTleRMb,9,19,2011-02-13 10:11
AD BFFH IH,iVdDHCiDOXFGLQDJGBeMU   egAAIa HCRAAbfgF,8,1,2015-12-22 10:32
IDA BBIEII,CIaAkOLWZBBk CFfOXXTbdlWJOkbgAWdFHKWPj C,17,15,2017-12-13 12:10
GEEDEB CCA,PigJUW icVNYaAbaAPVcF ghSPA clLTfjiIKEUI,9,16,2015-07-25 7:52
H CFIHEIBI,CHgf BGMjBAjKafOGbJGiWSWHIjkCKjd h QhgTJ,13,4,2018-04-10 6:48
GIDBIDEIA ,AfdkXKZDCHQENSJICCicJTBbIPeAAMIAAFGRTDSV,19,17,2011-06-17 8:24
 DCFHFIEAI,Aejdb dAhifgJ MjXCDVlLbDcDRgCkEYjTIUhb Q,8,17,2018-04-08 2:58
 FICGAGBFH,kWhjHijDZh LXY LdYjCWhAjigJEkVX YgYUAfJD,10,5,2010-07-13 3:48
BGBABIDEGG,Ta h lAUFGIBM YDCX  RdSVTJQFcRi gQKc ggQ,19,0,2015-08-19 7:19
HGCCEDBGH , LHhLEiMciGPaKTX eNbkEEEjG aRjVXGOENFZ  ,3,14,2015-08-06 5:18
 GHE DAEDB,DRabEHjjPfjgMakUaYZKlXYRfDGNBFfdOHFJjKS ,8,9,2011-08-23 9:36
 IECDDI GA,LI QNaSHPiJZDVVjbacUlQEK JckdOVEkgcT CKO,2,1,2010-08-28 4:39
 I  IFACFD,WDZEafUeUFgSROYQgfCdXdlRjJKVKQDXCLXVXhNA,10,0,2013-08-23 1:09
IGDBCID GG,ihjj jKXLHjGXRDVIYbhkBMlCXQlNiSfXRTKiZcQ,4,13,2013-11-29 10:00
FHACHDBAGB,HVTlKWGUWLcXOJ iYT bFgCibbJTdQZXYEEePOll,8,15,2010-07-01 12:48
AFB FDFBAH,IlVMjBMRBbWNVfjPjIDT kIdRIcHkXYVNakaHhii,2,11,2012-08-02 6:16
DHDC BDHHI,BcdHJMKM a TVPkjEQSDGMRKbUcgXLCCRRN aXGi,2,7,2016-02-07 3:46
DB IE D AH,ZiD KdR JZQGkX jfjXAXXCJChhBgF KiJUD  Og,13,7,2012-01-30 9:35
I BFECAIGG,MNXZYEbCAU FgVSRCSUPcJL iZSZghSLL HPXGeC,12,4,2015-09-16 6:21
CFDHICEFFD,dIeBXUDIZeTAiX hYeYEBBajlS IOSU XkKGQCJk,8,2,2013-09-08 9:29
FAGIDF BC ,NlfUWKcNYQaReSiPMQDbUcVATbEYHAlFLULcOLSd,13,3,2011-06-29 3:06
GAIBEBGHCG,gYbjc E YHLgjRSMdQYjfNVfTADCBDIlBRELCAUh,12,3,2014-06-28 10:53
EBCHFEH II,Dee WMh SCFZEY ijeTUMXMAjCdXdjHcjFIDHidO,12,6,2012-06-22 12:38
G GCGAGAEC,BjLQFbijVYMiClCbbhVTLOPRbNHPaSCQKXT WaEk,10,6,2011-04-10 3:15
AHDBBDIACF,gaWeAWQlH IclgGXVIcDcNSkVdaSNSgRGZhXaDTV,0,2,2017-11-15 1:02
GBFCHG AEB,XZlZ AQhPgBYIFYjPV SjBMYYIjEDQJYVEHTAEkc,3,7,2013-11-26 8:53
EFAD HCAEI,C UckJlkLFKkhYhREOeYDPEbdN YLOVRNWRHlEfP,3,14,2012-10-08 12:16
FIAGHEDEIA,fRLYEidVCOcdYRO MYXDFbSFKBODKagNSYH hAij,16,10,2013-06-04 4:36
GBEEGFHFEI,HjUXDINEGALRNXK h hjCFAiSfHZOOZZJUiAVZlN,0,7,2015-03-18 10:44
FGCEAIGBHI,ifghSbYTNShFCZR JaRWAPHWD ELhKXgUYfINBJV,0,5,2016-08-20 1:23
HIGGA CFHG,VckKFNYBLIEPiLZWPWiZbACZMUjJQ DSZXbYSfQD,10,14,2013-01-18 9:10
CBCCGBIBAE,kBTLNlZRV WFBWgFehaXFTZAFAMOMXVPFcdl bUH,15,11,2014-02-08 9:50
DBECGDIDIC,H KWQaPVYUQYkNOLiJBFhAkFfTISiIaHOReDeZEL,1,6,2012-03-22 9:59
HIGDA  FFI,lOSkXfEO Y DYbSbHFXaMHLVMSiYDGPChNH kidF,17,5,2010-05-02 3:15
BEB DGB GI,PFPIQHiLLYGJXLLGUgGVdLPANiNIPJJbBYKFTibj,19,8,2018-12-19 10:13
EFFCECGGEA, cSgcdaQNXRhKPjFJSERXXYRjINMNkPdMUWHLUBV,11,6,2010-08-22 3:34
F AIEH GAH,TPYWjHUEMZRfcjeRDgQJSNiO hBYQNeHIMAWFdZQ,8,16,2012-08-21 8:42
C E  ECCED,lLRYlTZVSkQQPFJUgJCTPT lVVFgH  kNYGlVfDH,17,8,2018-05-18 9:21
CIEB EAAEB,CVAlYIIQiOGFeVWgPeZNJfQTQdZTOTMdiIHllPif,5,0,2017-06-27 12:30
EEAHBFGIAC,KBZVQNjRhESSPVYYlRFjUFDkIlaBeMCWkSJ GJca,14,18,2014-11-09 11:12
GFDGGCIBCF,DCT  SdHlcBCeYTeEiCZLAlJWNahPFYMBkGl cYJ,17,14,2013-02-28 9:01
 AHDIBBGGB,hBHFTYRAYXAR fCUWiLggH dQgkXQYBVDNXHOSjl,16,11,2014-06-29 2:19
CIHEDFECH ,NPXQTeYKXKlOhQAXNMeLjXJDZM dFKdWI WNIjjl,14,2,2012-04-16 8:22
D  IIEHIDG,fTWAbbjCTMWK hDKEYDBNNHbEfIGLAcfO h ScVi,15,7,2013-12-09 7:18
CEABGCICFG, dXO EY VIafIIFFlIORecdKCiCVT GJdOXXSIS ,6,5,2015-08-29 8:16
 HBIIACGGC,VgVTeSNGUhjVTZBAHTCahXIXQKFRYUeE WFjEGiB,19,18,2012-11-13 7:34
AFFCDFEGAG,KED UZDgiISAjYX kTJckKVbNOQVX UleGdAPOlA,9,12,2013-10-17 9:43
DBBIABAG I,AKRhjTKeJSPGDjkFARDAXODCBNQdeLWSB jeSIcO,18,0,2016-01-29 8:09
IHA EHBEIC,MLX hHWTKIlBhMFeHXDb JPTKQaHRYWUMMAldOIK,5,13,2016-06-22 6:13
HEGB CHDF ,BENGAaf UWOKWkgNVgfYOF fNRAKOckORlcIUijf,7,14,2015-02-27 1:42
HAFGHH CCB,cdZA LPCGceLFBAgFWcJMTVNfXYBciGjUOBkNQdX,18,10,2013-02-26 5:08
HCE AG HID,iNEJPJBcCX SGCigSOMPQllI XgV bBaa bgbIeO,6,19,2018-07-08 9:50
ICIC  AIGH,GBDgFdVISBEgdVWXCGBFbBgQLjcVVFcMKIAlKOeH,4,15,2018-06-21 8:56
A D  BAFFE,ieRRXIEbeC O DOLbgINTiCVb kOUjEUUY fkSUN,16,13,2011-10-08 8:28
FDAD CEDFB,JXCXSjS ZRKTDfCRIdgcPJjJYaKFhXRYcFbT EbR,18,2,2017-10-20 9:40
DBEEI HICI,WhkCHMlKDafKjkUMkfHGHJIbbXGElQCQfPKVUajj,9,19,2017-01-06 3:22
BIFADIGHGC, dH  LeIPbaLl VVRAG cDENaV QFVC TYQEjdAU,7,17,2010-08-28 3:14
GB HBEBHHD,Zh  lCgfj jPcGceAfMUlOiNR  RNQdPHaOhWSIO,9,0,2018-10-15 11:27
GE  FFEGDE,FbFHBbOhRjfeFNGgEelLBKMcJMWjIWBGhCIRIQYR,13,1,2016-03-15 12:18
EHEIHIAHIA,aBliHFXXRVdVeVUbHL QbQWObYWcbNYMChaaJLH ,19,8,2016-09-05 4:35
EHGIBDDGGI,PcTQZc eAdAeVkNJOEhgXNbFGIhIG JUdXfXjYYI,7,16,2012-01-17 2:56
IHEABC BBG,VPKlCUCP ZZGLllCUbKOeGhdPbRXHNhibLBBEhYc,14,6,2017-07-04 8:23
BHBAIIADE ,bkTRKJeKTCkX DdgPRj   NdEchRUcQRjCJfZedE,8,1,2017-08-02 2:40
 HBIIAICEG,AiY SFAQMYMYYBMPLIACPlNADTEHE AAGcaJlgjg,19,18,2014-07-14 6:08
DEGDCHIDAH,MGIVIGcHLYdhZBXchWBPZijf FMEIgN eMRkaCbB,13,12,2011-08-12 1:12
H FE DAIAE,NfWWDhOgVR GcPYDeYdSKgHXkefjUXUgaJEHDIZU,16,5,2017-09-25 10:51
CCA  BC IC,OaKXPAUjaSkScjPUIBOKATQOC  DKCfEGRfZLLEc,13,10,2010-04-27 2:48
CGBHADCEIB,XfLeMdSghQSCMcYLfScbPZflAZCbhGCaGgMYGNaP,16,18,2015-01-14 9:18
 FDIF FBEH,XcidZAP FbTdUeXdcNDeWFVbEAVMLNXaQliKZWXA,2,5,2017-11-24 5:09
AEDGFAHEA ,RJGeDVPRdETfcOLlTNg  LUWGKKZP akEJjQjGkQ,1,15,2011-11-10 2:40
AIEHFGBADF,EKKRCNFPQYca IehcLcTWgbYKUNMeIBOUlBgBeh ,4,11,2018-09-06 2:30
CGHA BCEGI,jOJMAQNW ZAaUcUEi C kXXEcLO igEdZieKlOLQ,0,3,2016-11-02 4:54
IEBHDAHFGH,JJkRVJXEL RE  LSTajaVFEWbllY lPINVegWdHZ,7,15,2010-11-11 8:18
A BDEACFAH,HTKjjOFDhDfXDZCLKDLWiIUKlOJIbSCXXHlXQKeN,18,0,2013-03-12 10:15
 BCC  EDC ,fBDKdDMP YadcjCVeXVlMiQSaCgKURRMPjeWBhJi,4,6,2012-05-04 1:38
GFCCHAGA C,PcjbPU NLPehLWO b YWhJXYeDgYWfVJQWkNQD Y,4,1,2012-09-29 6:58
IC ACIFFEI,IP DMdFNTCVNgaKVBcBOPMKPVbDCAD DAfAlKEeX,19,17,2017-02-25 9:43
IGGDAIC IF,a ljfkNHcPbLfbWNildlfIcbABhXEGe  IacgHIZ,7,9,2015-10-28 7:25
FF BEDIEDF,ORRlECSEKLLWGN XINk UdNJZZY jKG WicdeXNZ,13,18,2013-11-01 7:32
DDFH  DEEF,SgDlEWBkBkEEkCg Pc diOlXSeijSYIZZJOfGNjV,0,4,2015-06-27 6:57
ACIA GHHAH,HLilQOAQfDhDcAP UIfUPbigbjWjULdPKFCHi Yb,6,9,2016-08-16 8:07
D GBBFFAHA,NDSJbgkUiiAYQSDMDPgbcbIIIhDjIY kZNfcVHSj,9,18,2016-11-02 4:24
ABHAH IBCI,eegWhAhPeTNAWSCOggWghLPiSlGMkBPCTilCOLQF,11,18,2016-04-26 10:33
GDFAFAADEA,SJJKk lRXSUMVZCfAOFOUR HRhPFASiXHTDMOZKT,5,7,2018-11-20 9:10
EH DCHHE  ,W Xei YSUbXc FDQBjbljABUQ QZkhFVkkVAgSIC,14,11,2012-08-23 5:49
GCEICC AFE,F hhhPGLHQPFiDYNQGh MZChlGEDbAIUNkSkFhcS,15,6,2016-03-08 1:08
DIAFCB E G,HSkjcZRTPdVYeCkG  QlbRcdGlihCHBAJcQHYdF ,7,12,2013-01-21 7:38
EICFHDHIBC,FXhJYXelcNiggHeWi CJUKCkGkfPV kfHcCVWUhI,4,12,2017-11-27 2:25
GA DCABB E,UEhiOlWULEZjeBjekRIBfelJIjCAkkTcUSAgNeDa,13,15,2014-11-27 7:54
DCIAACEEBF,SEMjhRAhbRWSKTZiNj  FOGMDAJcWfkjGFBKWlfl,11,2,2017-04-17 12:06
FGBE EGGGB,feCQMSCjMieehaJS  ZeDMTJjZPeT FAJKk WbIf,19,5,2016-02-06 5:57
CHGA HEHGI,ADCYFH EfbIgMeBaQHe FUhW ijJ bNPNOAJAKPb,5,10,2012-01-07 12:49
CDCGIBDFEB,QjDbEdKia lYLcNMNNBOcPRLXRZLCXZlR LKhJTW,1,8,2011-03-28 2:10
FDAEADHGAD,iFUgbDXcSNZMN  JhhiKCQUa HcJDNbQCJBHAdMQ,12,3,2010-09-07 10:38
BFBEDF CGI,HJNKZLMPGbDXa  MFBXPINaciAHDJHkhFljgMhVb,8,4,2016-07-09 10:28
D IFCEACGE,EMVBR NaPilAEONcYHbckSLgPDNUiFKjaGTdIbDl,9,0,2011-05-31 4:03
GHFBD FHDE,OJKdZWXhLLeGFVKWNDUCRCilLTlLeJQLZYccYUlY,4,12,2014-08-04 11:59
C DFH HGC ,QQfKXGVZlLM KTeDVglaG SAdTfTQFKYcHkhLffQ,7,5,2013-03-07 10:53
BFD BA ICD,ijZieIC jRPClOCkKMQjglYPVGChRiHGSilIicUN,12,16,2011-01-21 12:22
HGHECD EGB,YVR XGIZjDAUQjBI jMHLLaDDiEFFXQRBjBD EHI,4,13,2014-05-15 11:58
HAACI DABE,  jIkQKAAMFWYDZadEFMQdINeQkiXeKDIBgOcHKP,8,13,2014-08-07 6:20
AIDIBDHHIH,lgGDLcSEKCAZ NVPjY GMNCdKVQY  bRNMeYFHVf,16,0,2010-12-03 12:16
GIHEBFBGEF,iU dIjHaUIc SNGTFiCRhCgcG NGfPUdgEOVjTJQ,17,17,2017-10-13 10:40
AGBDEFGGGA,MWidAjDOQjLTWaffRKTgJCcZYHbWWCBHQlQQDaDL,0,15,2017-09-13 2:26
AHIIGBBCDA,eURJGdARecMT XRNaVOQLT IVb NTZ JgVeVYaaF,1,2,2010-10-27 3:05
CBEHGGAAHG,a  USiTBIeiMIChEiVe PEBFaVVNAiESFPiJ hhO,6,18,2016-08-13 7:40
GHI G  HIH,GQhGkcRMJldg CfZb FZeVFbKUJHYDdBCgZYkbbQ,15,3,2012-04-05 3:14
 FFGFBEGCE, akeNfGTFBGTTOWjEe CGCVeJTNBMTfCiWILYUHB,19,12,2011-11-05 1:34
HEGEDBDECF,c XgRZUUCXLHSLdNZcWaThWKEQQiiKQKGGHdaafk,7,4,2013-10-18 1:37
FI GIA AFF,aiaEMXjBWSSGBcaNiTE aUQSGROiFNFCbPdVaj b,3,11,2012-04-08 2:27
DH IEFBEID,OIfDYRXTYdYkE Llf gbaJVXjNRAaagaLgJkHglP,15,3,2016-01-13 12:34
BAIHEIEDDA,kTPVifSPFefLGGfDEAIOcPGkCaVSIJNGSOk Q ej,19,12,2017-06-08 8:11
 DADBBCAIF,UfBhEKIDV baSMNLUIVe BDYHKiHalAFXkMeIKQR,2,17,2014-08-17 7:06
C DGCBGB C,LPDbkRMcGgBPcFNdXaQReOicBABdONZOUHQSaDUl,12,0,2012-10-07 2:22
DF CFH ICD,hOWSSTfiDTRThZbiRSFbjaaPgQMMYNLFfFe ebOh,0,18,2015-04-27 4:08
 DDGBGBCFE,Xc L jLTKGGHfTlW  dfMDB gRbgDMlfZflMUOB ,1,9,2014-12-02 1:22
FIEIDAEIDE,BhRiRKUHcFDbiF SGRDQehYEfPGlGdDCOfJfJ EH,16,17,2018-06-01 6:48
 HGDFEHCDE,VXe NFM dWITZ jZCNjcbOKFdLffMJDhffeGeAai,19,9,2012-05-26 8:50
EDID GHFB ,JAbJEGWfO EXDF aRdZfZIXJDHaZFDZjLILLOPea,1,10,2010-03-21 1:37
CBGGAEBADA,gUEaZEI VMhDbNiHXdeSX bGCjUJgbglKXOWRdMV,15,13,2018-08-24 10:34
FBGICIIBEI, WLXDbbVjCIfKjBZMNjaMITB YkbDDUSgLcjSCfh,11,10,2018-11-19 2:39
IFDDGIEBIC,AVCjJUXfdBkEIZYXKgaa efXPdfYKCTdJKRTJUQE,15,7,2010-01-26 12:40
CEGB  IDIH,aOKNGAlKCZgIEY  RWBBkSh bWWOTRLIgHfKCVMh,13,4,2011-06-05 6:07
IAH G HCDE,ObKkERVDCZZFlPIBTjcVbSLJgNQATN dRIUhei O,10,16,2013-11-15 9:57
EFG GEDCGF,QWfS  PYjjeeWDbIHKHKaQDPBTKGSiaGfRLgViXU,4,12,2011-11-01 4:54
DECD ACIDG,NYLkgfe XiSijTjYXbCCFIPKjf aa CHSYPaPWeW,19,12,2012-10-16 4:22
HFACECAHAC,MikClk BYGARQCaSOERGK TLjTlDaNMdTGdGYLaR,8,6,2014-08-15 8:14
ECHCHFADAD,UCdDlPVCAKFZJOGVNggUcljIglaCcYMZCNO JYJY,3,0,2011-04-05 8:18
FFACII AFE,B Vi  e cMiPHJSEZCGjhaYDTHI jHNScRDKEQIU,17,6,2012-01-19 10:43
 I DAICCAE,EAZIVFTIdTKXIaNjUAa BalWGc MfVaSEhMchjGT,17,19,2011-02-09 9:46
EAGBCFBIBB,a gafTfNHKSRdIHIMGZYkBZUFUbkFPiGIJOTDJie,19,0,2014-04-10 6:06
 GGEEBBEBF,iQMYF BGkkTeN SPB JEXGPCkKhhCZBBFVafVeQX,11,1,2014-05-18 10:06
EAGFHECAEI,aSMga aNIDKUbPVKS XiBJC LakbMKVlCfbDTZGe,3,5,2010-05-07 8:15
FBIACIAD  ,lRjMkHHJbYVDTIBkjCXaCYA NPdUVVJlGhB IWQA,9,8,2018-08-05 12:17
CBEGB HGCC,deTROiINVOaSAPCCAUIFBT ChjGeIeEUiAkJFDQT,11,19,2011-08-16 11:43
IE BHFHHAH,af MKJT gSBTgBJjMdXjiIKjAfgLXkOcQOPZQbAL,12,12,2016-03-17 4:18
AHDDHGFAH ,CVFiVMljcLe gHjfVKeJZUKhAPS akXTLRUKUBIE,0,18,2011-10-23 8:39
 EGGCDHBI ,XRgaGWOgFjPHaYlYPXjOTXjhEjP TcMKfMDAaaDP,5,10,2012-09-08 1:40
GDEEFGDBBI,QbRhFdBAXfPUhXEgaWdblVSKDaEFQiiaF KEAR S,8,9,2012-10-23 11:25
CGGD CFACG, PQCEFOKhO jRT eKkIYOWJfCXOdWThkWQ JDMSO,4,4,2013-01-04 12:49
GHCIG EADD,OeHRaRXWOAZWHfiDjdJBLTONZQKDIPeYgWWLlKFN,6,12,2011-02-10 1:46
DCIH BIHI ,OcEDZfBFPCPeUVhUlaTKUJDilAPJYBCaBTc XQcI,6,5,2014-07-01 4:39
EAGDHBFCGC,cbJXC PhdPHW fiAKIigilKgTbIAGWdN gWP fOD,19,9,2013-04-20 11:43
AGBDGACHIH,hZPhTKgG cIalL FkiEbKaJZkDbaZfBdBhSdXeiW,10,15,2015-03-20 2:22
CGG EAGE E,lhKBeaS IUHHk FTHXiEcLhSlNYBPNdLZIRUKODQ,3,12,2014-01-21 6:04
HGGA CABCC,PCCPIXWCAcIkYZVCdVQjFjYYdEeBk jjgRafGKFZ,3,10,2010-12-19 7:01
BHBBDHGIBH,BTREMdcYBOEbaJdZOJgJe UQOgARcKYMhdcjbjC ,0,16,2014-04-28 3:39
C CHFHFFIE,WMlKUTAlMZTKGIeHcNcGjDbdGhDaRil JACFRKHJ,6,7,2010-03-04 10:56
CGGAGEGBIG,lleRRYJ fDHSE FlEDMGNfQBJUDMQMMPZAISIBAO,12,17,2012-05-31 12:10
 HIEAGFHBG,ZRPRjWlebXCZKiUGiYNbYEVaFlQLPMUNlJYOYPKT,3,1,2015-11-16 1:56
CICGAH  DI,aTGBCJEePWleDEOMQH T jINIdNFg NXldhF RJV,5,9,2012-05-04 9:52
AGIDIDGFII,ldJTJNDUCDKFgGDUZkTfAGgdVeFWOUQcFTaPGhCK,12,5,2013-10-03 2:54
A HFIHHGGB,LaldgdRBWZVDKhVVcKNjdfgfMVVjiiWdeMjhhXfI,10,12,2012-03-06 1:22
AIDIGCAEEA,TSEXKc XPXAULHTE RFFghECQWVghTeOOVGHeVOU,6,18,2017-06-09 10:12
BGDBDDHHIC,iAR LkKedGPdGM dNYkVBd AAMLCDTQdZkIlZeKQ,12,12,2014-04-12 4:04
HFIBHDBGED,MFd eHLlVHCDHDHbRlJESV ZHcaYhGWI aEKhhjC,16,18,2013-10-12 7:10
AEHB DGFIB,ZMWfXLBkiDDaSjlBeCQDHBROjcXcNfHDNGKGeMYQ,7,12,2017-09-03 4:48
DABDID FEE,cMKbFQHON CKGeh   ifOkd Ne ZTDikBiHTUPKK,11,12,2016-01-21 5:28
ABH  ADF B,dIZdUPWOfkPcbZNgLcebIAMJfCCjg LW MDagFMO,17,15,2013-08-05 9:21
 DIBAHIHCB,HAMHXDWcXIhlLa hlORcliSXggJWVGHCJZDglVBi,1,3,2016-08-16 10:20
FACBEBC AF,ObfGVbf gGNFSYBaYcXCMhMOSaORJTR UTTZGcgi,5,6,2011-03-01 2:00
  FH IBHC , lcifcdKVWgV aEQDKTiHcGlfJljSkSPCEFdeFHX,13,0,2010-11-23 4:54
H HGEEEEDI,dWOhIflKXUFSJKbkESZNNgaM UQjjILjMLFFYLQL,1,7,2018-08-02 12:35
BFGICBCDII,QQbiGdHalkL WXCXTIckZbJNhjJHVaX cRPaZlgS,13,18,2017-12-22 5:50
 BIIHCFEHD,alRBDKfhQakfdkLZKkebecDFIACKgDLHIPVH dei,4,15,2014-04-06 9:09
GBC EA HHH,cOSEUVTUCTKgJjWPIZEZMCiaH SRjDbEhBEiIdXj,17,15,2011-10-23 9:01
DGGDCBCDGF,bGADdKZWMMUPfcAlddTPCiN MQBMhIBiCKhFFPbS,3,9,2011-07-20 6:09
HGIGHBBFAE,IbjBcCXO UbbNHQIaeJBXhLHcfJbIeMhhgliRZJG,12,10,2011-11-20 3:11
DFAEII DEB,afMlXk MCNV lUgLSBaWPZTYYaT TW cRIAKRafM,1,15,2010-08-24 8:59
FDHDAAHIB , gSQIchiRfVWVGRdZegfWhTc UOTB bfGZh RgCG,8,5,2016-10-08 1:46
GAE DCAEBB,hHNS cQ hjYkUgJPOcDkNMLClb ASYiWXZKGdbik,0,2,2014-09-15 3:59
IDHDHHED G,ecDGDVSHeZAClZI XgPHNGWTlNEBVWLKWWPB CAF,5,10,2015-03-03 8:13
IEH GEABGF,iMFfIVkDSOJVTAGFTXTcYGPOjL JClYSRjNYcNgV,15,8,2018-11-29 6:01
DFDFFFDFEC,UJAP ZDkI  LOQWjbPUAWEkkQCbLl eXlgcaZiTA,16,4,2015-08-31 1:28
BCEABID CB,X TEQYjDX IAB ZcWAalTGGCPihfNKfhDYE Kebb,16,18,2012-10-22 12:27
   ECHDAAI,YKCQUeHdEeMl  LaaRRFLlIQgVSlhcKNkXkFcglK,15,18,2014-01-23 9:39
CGABB CFIF,dGfYd dkOclFCDPgZjWXPDhSgi EWFDegcYTFaKY,4,1,2014-03-28 11:38
 HDBGICGDF,iiZO ECL cfcAQOMOPAkbCKCU XHSRMJhebglJaQ,4,8,2018-03-04 9:06
DGBICGADIA,UGf IieiaTAbeWMgSPUaSJOYDPLIONQMCXHHje i,16,3,2011-05-23 2:52
FFAE  G GC,RKJQVNSSSDGPLHLCEXDCBHPAaVFYYFefNRlMMDMD,10,17,2011-01-29 3:39
A ABBBHFAB,kdUaeLNNiHbLg aNaMiHVSeVbVZK Pb IZXXRI f,14,5,2014-11-22 5:47
 EEFACEHAD,I fTiUXNPhKWPcENhYjFeCELDiccVAcTYTjaUKfN,4,12,2017-10-30 8:35
IAB GCHH F,febWXKTUaW OcigPXRlWTSXaiDPMhDjXWNkREUl ,15,2,2011-05-12 8:05
GGIAD GCDG,aFgClUeAVNBVbDTTMkNfFLAUGiMHGPSSaFMSJWiI,10,2,2011-08-30 7:56
FBG GEIBC ,ASZXCGUBPXJeAbJaOUTVKDDINWAHIYdTaDFe  FD,19,14,2011-10-01 8:14
AAHEFEC EI,ikMdGfKIicZeEQJWeJUAdHcTMEEHAVCkZXD OZcT,11,19,2017-06-05 3:02
ECCFHBHCII,UDZH jUcfdbNOTklWGi bSXJLFPjGlAiOMk GFba,0,1,2010-03-03 10:48
E GHFEAEGI,lSOfbdPZAdWR ZTGJNXBRcigIci af MJkAVbUUM,1,17,2011-03-20 7:44
BAHG EBAHH,FaIBZVQQ LLc XGAbRRSdCBla h dOhXMWThC EB,6,3,2017-11-06 9:36
D C AAG IE,AafUffHDPHjOTYhhFKKODadZ cHVYHj aFgl RgZ,5,4,2015-02-09 4:11
FECIB HCHB, NjHdiebO EcW cdPXSlliaDFcIbLWP l DFBOjD,10,6,2018-05-12 1:42
HGECHCIGDC,dcahJKIcQcbBKVPeNDeXZiBIHdHLMf gAljXAOPI,4,6,2011-02-10 5:02
ADCHFAACDI,WHHggIWWAjOMNdlijMMEFdX WfPXLaA HbKMTIVT,16,15,2016-04-08 5:56
D DICBHHII,WPAOUJbEDIj ZabJTdG PjckFNkR NeEBXCcOUES,10,10,2013-05-23 8:41
AICBFCDGEB,ShKgcEPki aKQBbKZdiiJGWgPNKHekilFOVLFafj,14,17,2013-11-03 6:52
CAII HD E ,JeHWWNLSYeklbIdNBAgVJTKgACAaWX QbKcdCJCX,3,19,2011-11-06 2:31
F FHIHG I ,jNFSFiYV Pb gVCNUBBZK L RRTfcTXF QFEBEXf,9,2,2014-08-24 9:09
DIIHEHCAH ,TDJIVgOD ZCcfJRZjbZhKSeChVOcAOWWJJUJV aH,0,11,2015-01-01 7:18
AAFBGEC BG,geOPFChcFlDHiHDFdWBhXSAGJIkl jBSjKNjUKaM,19,17,2016-02-26 1:27
ICGE CECCG,ClK lcDVPUfGTlHYVN hAQRVOMf NUKNelhNghSM,13,3,2018-11-06 9:22
EIDICFFDDH,UeAhJKVPcdKfSXcabDjhQWEINKhQWaNT IWUAO e,17,13,2011-08-06 7:00
HICBHBEDEA,ZJEfMeMbOQZQcVllFYagKUefeUMHUBAhdWSbZYTC,5,17,2015-06-29 10:59
 IEHEEDBGC,SeJGOcGhfdEHTgSWCaMFADDjXYLcNfVjB GeBGfb,13,11,2013-03-04 2:26
HEA BDFFIE,GXjJkOkYlPRSTQOQbUQHLUdVfUjdeJTcjGHFcjT ,5,2,2015-02-03 5:21
FIAF EFE H,dALZROUWaUi QgRQUXSf SVRAAGlCXaROSRkGaPf,4,6,2015-01-14 7:09
CB  IBDHFA,KfXSkDflGDDIfKMeNaGXXjTEfLaLhNMKlNaKFOR ,10,17,2012-05-23 7:52
IBA EHECBI,DGZFKTNIRjTSPbjjfRJHgDHdINXFl NVCIhNMJGf,19,1,2012-04-30 12:49
ABAFBGGCHB,KjFOgJVVGTcAAQXV bNlJlgOYDaQPdiOXXTWS JV,3,15,2010-12-21 10:33
CCBEG CAAI,KjgVXeMiYcIRNgcUYSNDJE YNghQXNLPUPhYVPLa,1,11,2012-12-20 3:42
EHD IDA GH,dEZCg SDeBKlMEXMeYiMMRGeIhceKVfSBYgRcSTd,9,12,2016-08-04 4:35
IHG FGGBEB,OUDEDifRSlMbXTeM LUbXMHlXbBSAFOdTBQjFIRG,18,2,2015-03-13 5:46
  IHAHDBEC,gHLOYlJeHE ldVgUbKJaiCiMEAkLefXGNDCMHFlh,3,13,2011-06-08 3:23
 AECIA A I,ijEbjjgdZjHaf  fjbAMSQedbHc MdAdZDFgGGAY,1,10,2014-01-19 4:19
HEDEBDIECG,lBYQPfJJISelfHghCgIAi PBEDONQV BJJiakhWP,1,7,2011-07-24 4:22
CCBBD EGEH,PWBbAHKIcJeKTHBHNLURDQMJOdRLKTOiDBeLXdcP,17,10,2011-04-24 8:41
FAAFB EF  ,bkDXcBRhlLN aOPlhhVcVDGKWjMblCDGKCKbJKJG,0,16,2018-07-28 2:39
HG G IHBDE, bgTCMXLTTlVHLgIVNGcaRgdBMSIdSiHMIcUXkRf,6,18,2015-09-01 5:20
EEDDCCEGE ,XchNBeCDNG EDUidDfBcLCNKfQeQhAgXJXBRaSGj,16,15,2012-08-13 1:16
EADFDD AHF,AbPGXSLITcZG NdNVX dPbXjUNPTHYSBdclHKagO,8,15,2011-05-28 2:55
HFDFEBHFGD,LUHYlJQhAcIDEcUPRBTZVNJI EUkCe jMbefVjSY,7,0,2018-03-19 11:14
DGIDBIHFBD,NfQlNDGifQkQXELURMbWPW RRQFSSGO UNDFjGJC,14,2,2015-01-29 6:03
GCAGCHGFEG,SJUkjAThXRDCblaEjKGjOGMjGlkHBBAEHDFLJHDJ,8,18,2011-10-26 5:23
CGHIEDF EF,QcVSkZKSBeZEZDYVUKHeIVDXlgZWcOIOhSRbbN T,4,10,2014-01-14 8:20
HHEDEB HID,EXDNkRIDdWJXWeaiMhMJbbTKhBDgI eNlTbRPN l,3,2,2017-01-30 10:04
EACEAFB C ,WkGkViiXihITlhJKI ZNNJEPAVHLAklfCJDad iZ,8,13,2016-04-15 12:04
 DBCHA FFF,QThUbULVUceCFMUgKcXbQTIdBiaYiaI d IOQWPH,8,10,2012-10-16 7:40
GEBIGIFHI ,CCdVHcWdedlJFBVIBQHMhMNgPBMhWkiAGgXPfdWc,7,16,2011-05-08 6:40
BDFFICDAGA, DfZTPBZMLSUTbjbRfQfdhcda ElKlOM j KTMlG,4,19,2012-12-28 10:19
  AED IHID,glHJ L cFVVBVigjWJJMMbN i JfKPTNDLhRa K ,12,14,2017-09-03 10:04
 HFHDIEADE,ebQNk HEQhejVWAIFRHkfBfjJeShTWHclWVjI OB,0,8,2010-10-16 11:20
EFGD FHCII,TVjNBPFilQIZIUPZTDfPUL  bNIRacciPZAA EZl,3,16,2014-07-06 4:50
BH IIIIDBD,bQjDfkKKGaREhFFWUfFOl gTfMaSYKYHVOWQTZeJ,8,6,2016-01-26 10:28
CCFGFDGBIG,TBHdggXF WNkN fMTSWRURZLZVUZVkeFfUOTbTIK,15,17,2015-07-18 7:59
GD I HEIIE,eEfZfflTNTbSfGYMjNPGDYaPXaGOBHDOlfgcDYYP,12,15,2016-04-02 4:49
DCACDEFFBI,YRRLWicRTZgYDjlkUMYiMWAeTjEPXTfMOjRkALPN,10,12,2011-09-21 10:22
AFBED HCDD,WNcHHEeaSR FXEQjcMWZD KFCTJADikfjbiHBCWQ,11,13,2014-07-09 5:35
FGFCAB CDA,ReggjebHAYLAN SGZE  MKLZCX eHDERDBZhgHQW,16,11,2016-04-05 6:47
BE BFBD GI,kJkQY VDEdVZRiclDYNd DKSlMbQAEbNfK HXiJl,10,6,2015-11-22 11:58
EABFEE CBD,  ggFciYYMNLLhG AfiKaVCB lFXOFAdjTYZFl C,1,18,2017-05-14 6:28
ABIFIGIGAB,XB B FMOYOPIcGfhXkSR BOHFcgZkhMGLQRPlRME,19,11,2018-08-20 1:17
CF IGCGIBF,CGRYNhWOSFeUXLWHB MkEEUOWZOLlIVceTh PilX,9,13,2013-10-01 10:07
DCCB FHBF ,D OaIdE SjekEERJUBV iDNRLcLFN SciTdREKFd,17,11,2014-05-12 1:30
CIDDC HIEB,LhENU UQkY bfKSlUXbQXf jDiFEdIlAROiVhBSS,0,6,2018-02-12 7:33
EFB AFABIB,PVGdWLDGiUOBR EjYaiZDkDQWSeFCSIGAQZDKSiZ,10,6,2016-04-27 12:01
 AAIFIGDCA,hEBCP AfkijUgVifjIFOLOjkdaKeQ ZQbDZRDUcL,8,15,2016-04-01 9:29
BICDIGGCAG,Yk gU ShfaOJ KiYCg ZVMcXRcfMTWIbAIETEIal,17,2,2017-09-22 9:18
C HICDIFEC,AS  kPTdGK ChOlakhfbXOMXAZkHRhlTgZCDQaGS,13,7,2013-08-16 6:25
GEABHFHEIA,d lWYXikaTLCl bVbYMLJgBFBFWJMRkDSAKeBkh ,10,17,2014-09-26 3:50
GCAHAHBBGI,deP VfSaacNJZBIUdBbKjRZGPPIkZCdMEIBQdhKW,10,19,2012-10-16 1:37
HADCFC GBI,EELfigQICAg SXWUlhHRJYeVVNOVKeTWjVFkAiUM,15,5,2014-07-18 11:42
AGHIFDEGE ,IRBejPRH OOWjMVWNXPSLFDZbBYkOMhjEHNOffTJ,8,13,2010-10-26 7:08
B DHAG  GC,hIHFA hBBTQT bUjDgClcWDE  MeBPWNVXTZNERe,18,5,2010-03-13 1:56
AABABAC DA,IGINDg XjlLUORaBlDiGfacJfeOTjkOfMPVPSMlC,14,14,2016-11-15 12:15
CAHBDIHEIH,VV iVGYMK Qh YSDKXCLGDTYPaIAKLlQSJHSQ jC,9,16,2010-11-17 9:02
HDHECHECDG,IEOUceiilWEajPFYFN IePDGWMLWT ikJiQleFJc,17,0,2018-01-19 12:46
CHEG FBIGE,HWGUIYHlHWhcgVAJdhleFIJDFOTkCPcge CAEWRW,18,18,2012-01-17 7:26
IFBB  DDD ,MiLhUNQYlJLcZEcYNBfKHBCPkAVQVjPNMGOkfGAW,0,1,2016-10-06 4:31
DAGGGBHFFF,LSZMadJIAVLIdgIcAcBLjWalHlBhBDWRXVhXZVUh,6,14,2011-06-27 3:38
CCIAC  G B,AaQegSfQAIFlIECgTciidXDFCUfDgeFhAcSAEKcE,17,15,2016-09-11 1:31
GA FAFFFBC,dYbgiZ hOYlVdhYJGjPKQIGiVhNdMlbdEiCNVBaC,16,17,2016-03-23 3:39
BEFFII I  ,kHhbjYNWQjJBjGHOYGUHHBJSGfgDFfNPWLYVRbaE,8,4,2013-09-29 7:26
 BFFI BIFC,I Hgli TZfMdhDD gQ fjKGIZCiigWUdVIRdJPYX,4,3,2011-03-21 6:45
DIG DFD GF,EIRGYeSkjiPgjSHBKOSeM bHJDdHAeHJFKIeZEDJ,2,8,2012-01-11 10:36
EC EHEDHHF,IfVEiAUXfkWPWHJfWQeOPGcBdFR CMRJgNJOXYYL,4,2,2015-11-03 11:02
BFHEHCEGAA,GUXFHb igPPlUFbiJcKbGVlSgGafTKVhZiZcOTaX,15,7,2014-03-16 11:54
GH EABFD B,afLhFDRXXFBU  REaDdjVcAbHSEUJNiLibJSalig,7,7,2014-03-11 6:25
EEBHFGIAAH,QAbCKKhWDJkbRGQkcHGgPeP ZUSlKSCRCZXKGUKf,6,10,2015-06-11 4:34
B A FIHIFC, lZled fhbeQXZYjD gIHbcgDFNBSglTebSSMiQM,16,13,2017-11-26 1:49
FGBEFDDDEH,c GkTgQ bXbV LSldZIbQMVUTRYhZNieIBHYKTZJ,7,13,2012-10-15 12:24
GFDBAE AEA,dXAUfVXHVUZFKBPKUk IVhNhJhQZWbJQZjjJkPGG,18,1,2015-03-13 11:32
 BABGAEFBE,CWKY fZNiWlZaXZfAKcZKOjbaBcP XHfOhhiShAk,0,9,2011-04-11 7:36
ECDBCFCGA ,iOgdVOPM eOGIdKMkBUfYGRHRRTJAeXHLRGMggbg,2,17,2013-05-05 8:20
DICG D III,iPQejbGiRUTccEBM aHPjBESkAOfBK JbGDKWReA,8,6,2011-08-14 4:35
CCHHDHGD  ,cjDFJMEUlACGjJaHRFedK OaJFbIlkVBHIRVRheL,10,0,2011-03-10 8:38
 BEH EFAA ,WFPHYI BEPWaWQFdFXfdkQbCTOQPUCBgBXliFIhl,13,4,2018-07-03 3:31
IIGDI BBHE,OkhPRe   SeCBBRVe XYOXZKSI FFPYeWHLMXWDW,8,2,2012-01-07 2:26
AEHG HDFIF,KkXTSVhOJXZffDOOjJdLGceQJjaIMaUKZBPMVTHB,10,9,2016-09-26 6:45
AIFCAFHABE,JEkjiiBUfdfcDOgXcADLGPeNDbPbUYPgIIcbJhKL,9,19,2014-05-29 1:37
FGFHECFECA,YFAVlKSYLjYSTaDORDJHBHFiLANLgG IifGHLXYK,17,4,2017-07-24 8:57
DBH F DCDI,SkCigKFh UPG ZQYOFfZfbMTfjLjNSDdYEXNQTFP,19,4,2013-08-01 7:40
 B DHGCGFG,efCjLGhYXGcBWAkaDalHEJCZ AXQDSKSbROQFUTX,17,3,2012-08-24 8:15
IHFCCICFGF,IacWG JGZN DIDOGdOCETWEibJMWQ  BB LkYKYL,17,5,2017-09-02 2:24
DC FABHDFC,DQ dfb aO lNLE EOVbbNdhSXKgF LUWiABYcAS ,16,18,2015-04-19 10:03
 CHGCIBEEA,Q gcSSUPfXJKbOZSjgNMXFPOBDblQaPYCVUIANHS,13,19,2016-07-07 5:36
BCGIGI GG ,XklIZlbMQUFVLWWaZLANIVaMHNcYTccfkFLMWONM,0,9,2010-07-02 4:21
GDCAAGIFEC,RIDBTMfEUWZEVZlNWXibhPTFDcIBJNFgGBlaKQDP,5,8,2013-12-08 7:23
GFEIBDDIEC,SaBkjikMZMdeRhbhUigeJZJXSHgfTfYVVUZWfaid,8,15,2011-06-11 10:45
CEBHBED HE,GRfNWVidWhK TaMHfSGBkGlYSkWEPhaHXITaBNUl,16,7,2017-03-29 1:10
AAIEADCCCD,AJbTYZfMjSBBJhkgBLkAEJK aW JBfAUPPUKWWKc,8,10,2014-12-05 8:23
CBAICHEHBC,gLEIJFIdh d NQUASPTidZKTAfb CCbTFNOgkaKf,14,15,2015-09-02 9:33
 CHDFC  FA,JHdagBCUZKlEbENNSZcdNb  YYFJVcCMFhkMWkZG,7,2,2010-11-28 3:14
IBAFGFAADB, TUbhBLgaOlfWaCAO SdlBQUgL APfKAFIZjA VG,0,8,2010-08-09 10:40
DHIAGIEBDD,TQdVFQgJgZPbXaEAHWYNNhlC PNIRYfRZFTkGLle,2,5,2013-10-04 1:15
GFFGDFADC ,VIBaPY eBEjCkDGCkiLGZafZTIKGbcDkPHdcckd ,15,4,2015-04-01 12:12
 BFCHECFCF,OHUekdjLYRFYRfClLWRDObePQjAeBHje jadCEN ,10,9,2017-11-03 1:08
DICCIADEDB,R UdJYcPRSKJBFRKfTJQlB aOGZDeDFclJhdgDUH,14,9,2017-11-05 6:43
A HHCDBBDE,ikfQSkBTh bIDFQhPJeDJ hbaYiVFgIfOBkIhUiL,4,1,2016-12-06 7:04
FCFAI EDDE,fCeAYjAYhSRdDDhFakhTXgCcaglRiPcgXlHFYkAC,13,11,2018-06-05 12:39
EHIGADGGIA,hTh YNEiIgRHF QhTfChIEkcHXMJgfAMJ eAQQDF,10,12,2010-12-11 5:37
 DBBCABFFA,PCPEECVMXULGAZLWCDedBITFLfFiKJA ZRAaYkTD,6,19,2012-07-14 4:43
IBFGB BDEI,CDYENj jdQJYjfgkdDEBgNgdkbeGFOMSSMhAJGVY,10,13,2010-03-24 8:01
C DCCHI AB,MDO a YfLPhOGGAb UIOGXWFbAciNMgEQAZiBbJE,2,0,2015-07-03 8:29
DCF GEC A ,eYEYbaIIHU dadFHkGLjJLFZPHCQbYg cOiOgGFR,5,4,2018-07-11 1:52
BDFGFCGAEG,NjVEfH YPNIkfT BPfTIDEHWa XbeWDdkTWUXhKC,1,15,2017-10-02 4:04
AIABBAFHFG,TTfQieTgjDUTNXXAM QYbOlSiIgMXLhgj TdXTCL,15,15,2013-05-22 6:43
FHBIA ACCG,ggXiPHaGVfYHgD MlCkLO lIeVgMkXUlWhCT kgd,14,3,2018-09-03 8:41
DBE FHF CH,QRFKNNUU  dRVYHQYEPYTMCb UKlGd Nic VFlHY,18,17,2013-04-22 2:33
DBD AHGAFD,UdNhENbCfaSiSJLIKLAUYZfQNXT  XPXQliBec J,13,2,2013-06-24 2:18
GHCAGIBABB,TjTXAdbOZEIOXeHUJIXidQOOGHXUISTbH TVGONB,18,1,2012-03-25 5:55
CIDFADAECD,LUJGNghGNeFRZOaZjWBIYfASbdeLcSVZZDTHVTWc,3,8,2012-11-13 2:15
H B HBAHE ,bg XPWXGO XUMcHeJQYREdgCIGIZeIfNAZSaMdLA,3,14,2016-06-06 10:52
DADG FEDBB,bZhiORaZbCJVFYUXOXZIQAAQRbKADlUXAc TPZFP,1,8,2012-06-05 8:26
BHEEIDHCD ,CMK MAOIOMclAXlB aDP iQWRHTUkSNkJeeNTQGe,1,7,2017-06-11 9:40
 HD D EF B,VRjPCZVcRCjFgXSjiTUkBCUhPSZWajcGY IIScGS,0,12,2012-03-15 6:20
CEAHIDBDHA,QPhZgkIJlEULXHXbOheXiUL DcOASNZ NWM EVM ,10,2,2014-04-15 4:28
CBF GFI CB,TgHjEaXLkDhhahB YTgQIBKCgDZiPONYCDAINMZX,6,1,2010-10-12 1:02
CGHDEADEAH,IVRKLE ief QMhXHWSRXWTVLEJ ZGBOZDdLOfAY ,11,6,2012-09-05 6:58
B GAIEADEE,hDiJbcRaQaVAMFRgSZB SVNThelbNjAYFXgGRXPl,13,19,2011-12-26 5:41
DG IIDCEI ,AGQih M hMeKhZgVhelfYNldWDBNWEgdYFaiQAHA,10,11,2014-06-21 9:59
EBCEAHCGCF,fTadUHWhRlKGLVHPDVg FeiTVWg QXJBJBALD iZ,3,1,2013-08-22 9:50
AAED CCAGF,cbkDACSNTiOeZgkZaTj eMfFgkKijgBOFXNTdT N,18,7,2011-03-06 7:44
BIBAEFG  I,KCVRbRWKM TFDJCXaCVcFBHIllAUdYHfRFSZKRBJ,15,11,2016-04-17 10:56
FDFGIIGE I,dBPIHal RHWdEUOfiSEOTUgODNfPaGbfNTZjEjPR,11,7,2017-10-17 3:52
EAGCCHEAFD,VeEWHACCFJZUZEYeaGhaMbfeUAkQgPjbkHViBEgR,0,19,2016-03-11 3:08
GDG GBACFH,SX FOHIPbTOdNSdbUQaXWDSOPLGOcNBV XeOiBbV,13,8,2016-01-05 2:54
DHIIFBHIDH,GcA QjkPKDQQI NjgfVNjIehGCDF PGJZKaRccOA,8,8,2015-10-12 3:43
FDHFFDIBCE,lbSKPVjVdQSWldJJiClFEBGjCif OfNYcbIWIFBZ,3,2,2011-07-23 12:29
ACH BIHBIB,ifGVKB  ZFYREMJ SLEFMfa aV dBEVIgFTGRMBB,6,2,2010-12-16 7:02
IBAACHDGCC,jE HWHXLTkTaRQIAjVc baNBRVgdIiLDkORiiEhZ,16,5,2016-06-28 11:02
H IGE IHDA,GIRNC MaYb f ieTKAYfJAaThLPBdeJJ GNZUERY,16,16,2013-06-29 6:35
AEAGAFBACH,deXPgKdTDiQfIWeMSWcBHgAKlLFWFjhiaHIMKgbc,18,7,2016-02-24 3:16
ECA F DAH ,LMTTlZCHbYOAjbYQAIXfTUlCWCaUOFOMR e FTjY,13,2,2013-06-13 3:43
AA CIFCEGA,YiC adWajGLXMDTkPKJjJQDhHPAbCPbNJDZFWcYR,5,11,2014-12-17 3:44
ABEE FEBC ,bZTXAYFjbEYWL MckhgAUl PHLOGXaFK eMl ZMa,15,19,2011-08-09 9:15
II DGFDDBF,d NGKABJLRPYkETbheNbcXXlEgYllJWllFQ ZeEk,7,13,2016-09-08 1:56
 ICACICBAI,e TEcSDgMWBHJeZHMekEQjiZUJh PWYOZeEMQ lZ,2,4,2016-06-25 9:13
AIHHHAFEAE,WOeFcgX JCQWR SY EiDeYjTjeR ESVhiYcACAVQ,15,7,2016-12-31 2:45
AEFCIAEBDC,dcYiUCQfIja NYeZk Q SaC ddLYQZjfTajQaV Z,5,1,2013-08-03 2:51
BI FBADDAE,PIELJKFUZOTVclDF k AYG hZNfjiCGhFLDhQJVU,8,12,2010-10-20 2:39
FFGECHEBHF,APDbWBMeBgKBWRhHKMfDaaNiOScjLchXecBfOkjD,0,10,2018-09-24 10:06
AAECGIFBHA,LVKVZCbKCNWJlO NbZWclNTBXUIBSBAgZldNKG L,7,8,2018-08-10 3:42
CIAFHCBEBH,TaZZNLV d ARFaBMcJDiWKWhQYJFLbHlPTVM FTM,8,6,2014-09-25 9:46
ABFEBDDBF ,JidWd dl L efLMdWYJMBJRVfTaFIHbLVIekWHWQ,12,7,2012-12-16 7:42
GEIGBFE AI,ZOQKNkhWD GMHZlZMelKJJYcFdcRWLBEPDcfjCPi,12,7,2018-12-14 1:58
AHBFHEFE  ,CHIeUWXMDjSD LSBXdLJKjGLkWRTPEcgZEOTflCj,4,14,2014-10-07 3:58
IIDGBFGAII,TiWHQZVckZVKDWPPcdhCjii dcFIklfjNlY HDNY,3,18,2016-02-18 5:52
FFC  GBBDG,kdSaSAKBTR JBVfWbGWIMkObQZaXSbDdPKcYEfIk,8,10,2011-05-16 4:06
HHDADHIHBA,TEMYJijCDKZEWHNQYAAlKejhNc UBEMEEYaCP NN,10,16,2015-09-09 2:55
 GIIBHFBAE,aMRflNbIYXSJNXIZHAHVKAGWKRlKPAGekGXbBNQf,13,17,2013-04-12 1:57
IEIF GBGCE,IGcMURAQUTejVW cFlkXgTAcaVKWKDiW hSjDNiB,14,14,2013-09-04 2:51
GIHFIFIEEC,QilZMWSAHOQWdaWbLWbXKSXASBUCXfAciYclL Ec,5,19,2011-04-25 4:58
AGHEEBIA I,Ika VROJdZeUF ajR gCPQlAhLWSDI bUlO lfhJ,9,9,2011-01-04 7:02
HF  ECFAAH,RAUKfGZKVFAFPTgdHMBNiPdCXKLOkjfIPV Zejek,6,13,2012-11-22 5:31
HGAABBFIEH,H eCcMEIgHlZLIA ZYEFdRHED DTKkESRjekgPEf,7,3,2012-11-10 8:37
 F FCFG EF,ejkGbiYLIKPdGgPgICaPSMCDJjVjEYSF DhkiLGj,5,0,2012-10-15 3:34
BCHI GECBD,fcLLIhXZCFGSNEAekEQFbVbPjMIDkieOKJJFCRCO,19,5,2010-02-28 8:29
AHIBGGFGBE,BkVOe giPhIMRObHkaDhk fKakeETKcBBdPMQNDG,3,13,2012-04-26 3:51
 GEGHE EAF,JRH ESWHENQWLciUALOHPHZLH BXliSMYgRfkbh ,6,1,2017-07-06 12:53
FFFB BHGCE,Vj gJEEAdJk MjAGLkiReHlJgaAaaQigQaOSTL H,11,14,2013-09-21 8:48
AC BDAIGDH,NBIgJ IORNbTQWcaRd J UZIjDHeVlP U ilJ Sj,6,1,2011-07-13 3:39
FHHEABEF  ,OGiFfCVKjbKO BgGVT EkXeGWNCBIHkQYWgLCIQc,14,2,2014-07-31 8:53
EDIEIEAEIF,X g AWcQGFPMfjHc UUJWBJH DLCdOSldhFUHUGg,2,10,2015-04-08 7:38
ID GDDBHBI,hBCkYHfCeFYLSZJjFDRMKjOjUFKZaGIlihCYAB P,18,1,2017-03-15 8:23
BBFAGFDHHB,PealFLglEgfeiSZaSEWflJTPbkYcESgGDEliV UX,18,0,2015-11-09 4:02
 HBBFGD HH,YUa LKIEFbQ UaLd kdLRPkDOJeJRDUNcYNdZQlQ,1,19,2010-07-26 10:06
EHEFCBDFAE,VSOeSRbFbeF UaWCIGWAPKSffSLXKYjBBAZNihUN,8,12,2012-08-05 2:52
CB DF IBHA,bPBLgbTPOReDBDjgjLYZKhOQWHTkPNcjHIMcOlYf,9,11,2013-11-10 8:25
GBG CEGIGE, WAeTHPJUKUj HBfABSjVeiGIlUCIZlMTYeEYbSE,2,9,2016-12-01 5:13
GEHGG DDFE,HZEPWMYeIacPX PAWaUNRWKlEbgSTGkNMQHJRPHQ,6,14,2016-11-26 9:59
CAFCHFIBCA,UbRJ kHRHegAcGAUXHRhTTMYbEaDaUkhfXflVVQc,2,19,2018-03-31 12:54
E  EDIDIHI,YjhGSeDgGJdAEZgDdjAJ DWhlKlRgN CVhZTMV U,10,10,2016-06-27 8:51
FHADB AA H,hYC lCVhRPiPjIcRlg YYbNXhORHfLgHXGbMFbIb,2,18,2012-09-18 12:49
 CA C DB E,bWFkYZhWIQbULZLbiUaliDFAERSaJAKENNFhbf V,12,17,2018-01-19 3:02
DBB FGABHC,MFHjAVPFC fS DXUbSOhSH FJYfhZRDJOQRBIFcg,1,15,2018-03-08 7:30
HAHAFDDGBD,fVjU RecDLQKR lieFJZbNfTTfTIWB gkVhKHjjT,6,1,2017-12-24 2:10
BHIF EFF F,bSJIEeOKORHfR QlJcYEhgMGIj gPOKdKhA OXeA,13,1,2014-09-27 8:40
BFGA BHCIC,hId MPSDRfhZflegVUXDOkBfRhXfj ZdSGkSClUS,8,10,2011-03-01 8:01
HBAAA GHF ,fRNbFbFEcfIalYTHPYceLTZabbD Vh EQVPUGKFS,16,5,2017-10-27 1:57
CAFIBHCGEG, UMDlhdjDXeUNFGKQRkiakYHUWZ CddNXclUgORS,7,10,2013-06-05 8:55
FECBIC ABD,LXhVfCLiGagkfggeEUOZZTfjclkkRSdUajBMfZig,1,11,2014-07-19 7:11
C GFAFBICG,SBB VlaUHhNlieEiXOJUHaOFaNBPFlJNegaUOV h,7,14,2015-02-20 9:55
FIIAHEIFCD,OlgcTTaENHQZSQekIS  bLcQHI aaWDjAkiEIjVV,16,19,2015-08-07 3:45
 BACCB DCA,RdgJAchWMUIhYkRRgRgaKZfadHAAMHObKeC JFhY,17,11,2016-08-12 10:58
AGAE F ICC, kflODO GWAhcPlTHlaO cjVZaIgSbPSQF cMjHY,2,0,2013-05-26 10:18
IHFHFBADGE,TJUHkTdGGHjJHHNAabDWOUSOKDJZbQNQjCefNRkk,4,7,2013-04-11 2:43
H CH F HEG,RKHYKJXilJgZ fDIjZeRJdaJRLMBdMOSKUMXTbJL,9,4,2018-12-10 10:05
G  IIIABHE,ibO MSNUII MaTWiJhlZ QIZijAiDRFjbBOTASIL,1,10,2014-10-26 9:20
BFF CIEIEI,aYhQIKSES GKPHWjHlBfTBOLbfFFI RBXaiiaklW,16,1,2011-09-29 8:14
HHHEBD  GG,JVOQjDGTCTfeTCGTEVOTMAdZ  eWYIHlgjdkXAMd,11,12,2017-11-28 9:58
 ICGIBEIDA,BOJJZAiHlDKKVMbYbhJgPlhbcUckKeOebHIfMQDc,12,8,2018-02-02 6:28
GACDDDAIDI,HgNBRNJL PNZjfacaMWDSVEHkbjjWF eGGFFkjJI,13,13,2015-02-24 8:34
HGDHF HHEG,HHhNCJgbKGkSF fifBOGhQNEQhKWiWPEK KDdbhV,3,15,2012-02-10 3:19
IIGIFA DHB,PaOUMZShCVcdPCXGhIJBVCAHFP BhKicDdJVHWeD,13,2,2012-05-05 6:54
HBBGAFCEIA,XCBXT CjgTIJWYHlPGVlWTgQW XOhZOjVgjBNJMb,19,13,2016-01-11 9:47
  GFGEEFGE,jUfFjIJfcKfife kZeXd  fkNclajiGWe QccP  ,4,13,2014-09-12 6:58
HA BF F FB,ULWLLDUUAfWlIVSfPclkXOlkTBlShGSBVkU J GD,19,3,2015-03-13 1:53
H FAGH EHD,eR ShBHUNVFjMMYHQJIGbClI NSGUePV JCdkiSG,15,19,2010-03-22 7:40
 HFAA DCFD,iUTNCBjQCKDAHRBCVEdCKNDTiMhTDTWUEgQIQVP ,8,17,2017-02-23 11:03
FDFICBEEB ,RDNJHjlLDPhWkWQYFXeWFaOLLMISeUW lfQgfFHL,10,13,2015-10-31 5:39
CCDECHGHEC,SDiWSdbTWAc DdJEACKTaCPUTBPalalAPZHHJllV,17,3,2016-03-16 1:08
CAFAICBFEG,VQTPNASKCZEFLZBZKXKPZlJ elDQJMfNOFSAWPNd,18,17,2018-12-18 2:50
HBIIDBEHIA,FHI XL LNkPJEAROCefTPIBZiULYQXJERgWQBHCS,7,5,2015-08-03 12:11
FBAGBDIGCC,NUGAKW JYZGIKIPDNGJVEhZkOOTWeBcEZCZTTCKV,16,12,2016-09-04 4:19
CACE I ICB,ERUUPEHcbYaVEB hhNkYGkRhFgKUf ALMkTYdaD ,6,13,2010-12-30 8:43
BIH DGFFBC,DMIUSHMMSQkMQKddUNDWebHGgWKaNJDYXBHAkJZS,4,15,2011-05-29 1:54
HDCCGAHGC ,DA WEXiDTSlIRkABPidUjBNfZZHHlcYLiSTKUREW,2,17,2013-03-20 3:17
CEHIA HDCD,P UcgNiJglbdfQRKEWCFYLgJ   aIJfREGE OlEB,3,11,2013-11-29 4:54
DDB CBFHG ,CPYkFcHgegNgIWageOGLkSjNZAGLXRUEPkBdaKHM,0,19,2010-11-04 9:24
ICIAGCIGDA,DSllQYhblYHdfVcTbZTQJSYLTdWHYCiWE ZJDA G,13,17,2011-01-16 9:42
FHFFADD DE,AXYNfgJA fZfbYXfSal UJkAYJAACBVi dCQEL I,0,19,2014-06-15 12:18
CIDHFBAHDC,MgUWOiEEN NdNFKWdajIECGFLgRMcYKP iXkDUXC,3,19,2018-07-07 9:01
F EEDDHFCF,  BPbEFYVB kJELHZJdDj WKjEdHMTgETffQKfUf,15,5,2013-11-14 1:50
AGDFDHH GC,V MOAQH BRDRMfbeLOjKQKcTTACCckLYCeHHZIKA,13,18,2012-05-06 9:17
BACFGGI EC,hCOLagLXKUWc  fEgIfNWDXlYeIIMOaWXISXABbP,4,7,2016-08-20 11:35
DFEBFCGEEB,ScNGKdZEfMXfBHkeTRMiZZVNDdGFZWEgWNZTdMBk,10,3,2012-03-31 8:22
EEAFDDIBID,WNaRdJHKaMUg XUcOYLULPiZF FIhbKhkMQjfLlJ,3,1,2016-07-14 4:43
ABHEHECGFF,jAkB GkeNcak NUYLFkDgaHXVTbkeEdOWCZKgNRk,0,17,2012-09-05 9:22
HHCHGEDIE ,BcPQ KEPQak dgORE  ggEVQbjYlHBkPWefYTUgk,9,7,2011-02-24 5:58
AECEAH HI ,FEMEgIiO VeQIbjhOVSKfWTXILEdSEaSMdChMOWD,12,11,2018-01-16 12:25
GCCCFHG DI,LWJkSKeU CjCHjVIXaSWHEWRT jZPbGccCZlWUeN,4,17,2013-04-13 9:28
F CEFAEB F,FQFWGlMMihflXhgFjZAUSOFHfbLFUPEJZkUcWbjI,9,8,2012-05-13 7:36
HIBDCCFCHB,ehebSIgXEKKNjZBcYKbZIINOlIPWSKY WUVQhkQi,10,4,2016-09-07 11:58
CID DIBC C,iMZCKPiEcZLJKNOhSdITlC BleZl VJAGOXPTfXl,18,7,2017-01-14 8:30
IIIGICBHFF,gDgIWFjNMiGNBchlIjJLOgVD ODWGSKkIVTcSQhi,16,3,2015-03-30 11:27
 GDEHFDDBH,NTPNhWSRfPMcX OMR IQEbKQeDQNXNkFOZPMfNhW,11,9,2012-11-19 8:02
GIFD DFAHI,QQOhcRhDgcTBLhijNSefJAXVUhejH  Vh JINFJk,8,2,2017-06-24 7:44
ICICIFAEG ,HOZ HdFfBJIISihRTIOShXZRlNj QUCHYHBlb Gf,0,11,2018-10-26 7:35
AACCFF DCI,QiNHbgUWRcJPZAjeeAKKaJIXLEaQaAcGTQGNdQYQ,13,10,2014-09-22 5:44
CF CIHEEDI,IeEULR KaSBkhDQlAV ZT B WUa WPZhfYljaJOU,19,8,2012-05-02 9:28
ADAAEBHAIE, fGaW LVbAEMWXLQPElEeL bGHcKFWefiYOLTIfZ,14,9,2011-04-26 5:55
BBACFGFCAA,UM NYfUcAcHhbShCL hfjCGjDVAXdO FFdIKcdUS,4,8,2012-11-19 4:10
B EHICAIHH,PHJkMgllb Zh iNKKAKGMfEZVGaOOL YHZDPhaPJ,5,4,2014-12-28 12:48
GEDIGHI  G,ihH jKBkgGceeHGSAK bg hVcNbcZQYCgKdSRXfG,17,17,2017-04-28 12:39
BIHEG BFAH,bQfei gbJaDlGeibOEP HUKfdfQHAggLffeVhghL,8,10,2012-11-11 4:28
 A FDGA AB,gV VWIWLheHVYfLAZdA iFGEhbCYNgQNDlfAHKf ,13,6,2016-09-21 1:30
HEHGHDA EI,W OQcYOhTgRjH RNZVVGFRHXUITZkfgXJbREDG I,9,7,2012-01-03 7:48
GDBAF HEEF,NacROBiHhCAJLVOIgaANgiLjUMX akMSDjSaldSf,13,0,2014-09-18 7:45
DDB EDAE H,WQQNPDOF dcMfTCklKeEMEJCVFGPlKbKTOTB lWj,4,1,2015-07-05 1:38
BIECFDICCH,bHeCbLTYBgIC aJKDBFNCKjRHRM JXgTIKgDIfbW,7,17,2015-05-28 4:09
EGEGHHG BG,eXiijeibHUegYGCDdXfNPcRGeFDeYYUICVihcA L,12,6,2012-08-08 4:47
FBDIIDBBDG,hZjWIXWdlaEKMTYRcOOVdKDUlNBlWadK YNLGVTT,0,6,2018-05-03 6:06
BCHGAH AHH,Mh JDCjY GVXHHfelNgXgAAbfNgakIZccaOXLhNZ,8,2,2016-05-26 9:42
DFDGDCCEAD,FNYeccJQXPjjkVaHeMNH PFQEVKj KDiMUiIPPLc,2,2,2016-03-27 10:12
HDFE IGCFE,GLPaWIdDQgBaJJCZHUCQYXZEX ij hgZUQMOjGUl,17,4,2012-05-13 12:06
GDHDBHDFAA,kBQUZZlRaVLLaBfHaIZMEKZNTeaIAJJOORlbfCX ,0,13,2018-07-02 1:12
IFEHABIFIH,KfTSehifhlHS NAgZHUbjJYBEFjUlkTIESSXaQXP,6,7,2015-08-07 7:25
G HIDGDA B,FBQPdVeJcRG bMOZWEHKIiRNhPjfDGXRPVADUWeT,13,0,2014-05-08 1:05
 GDGEEGF G,KSYRLTZGMRZaKjBOWX jLRjFUOfOVcJXHDgIDUgh,6,0,2015-10-08 2:06
BEIIFI EEE,WdVeLZODTa EJSiMLKbAFUYVSJjKcXFZ XbdSAKD,7,12,2018-05-09 5:17
BEABHDBIGH,DQEBCdJVWbTXSVacVB WOHVHCHTTdbYGfEMSFFlc,19,13,2014-07-23 3:27
A G AHAHI ,cVYHdBTcUh NHeJDdS UiZO AShPjdIOWHMLeYLX,0,9,2011-11-13 2:17
DBICFBDAFD,iRiLLhdeSXPaHHIiRdOIQLNQAHOelVJTYhKPRjSG,9,11,2018-11-25 7:03
HDECEHAAGI,TJOLTXTGjR iRLVYN   RUcJkgRBfcdEAAl TAea,1,11,2011-11-25 5:24
ECIGCAHGHB,VXjLikQTQi CMEVBKRCLGCDBGddCkLQNIeIBLHbc,3,9,2016-08-25 8:28
B CHFCHA D,hLlJglaOQIbH WKhVbibb gMIZVQGdHWHlS ThgW,6,4,2011-07-17 12:26
   GHBDGFH,APOaAQkHSSReblFeDPWZl S kXZjHaEYSXDIVbRl,8,12,2016-11-12 2:07
ICDBEDIHH ,bUULbeADOVaQejZSHXilf FfLEGNNlKjjUPlXadS,1,6,2016-10-09 3:40
AFAAI BIB ,GTQLBRVBOMNJhJEKfCjDHRbeleTVSUfDSQINObcM,12,0,2011-06-24 5:55
FAHHHDBDDD,PehUeDCgQPcLCbhaYShcMOddKKi cIIAdJAUV Ri,8,7,2017-03-15 8:34
 BCDAA  EB,TUROaDJkBEKGReXMQGUVdJB TF iKWBbAFPjbEDb,9,11,2012-02-04 12:11
 IIGID C I,IKH XihfAXNXKEBZADBIVYOYaNRQhXlFelUK EIU,2,0,2010-12-19 4:48
ADE BBBBAA,jIWJTUjajchCH kUFLaDHNfKMTiDIWRBPhPANQYW,7,4,2013-10-09 3:34
HBIDIBDGAH,Ra UAMKVVXDVKGGGaRla   LHRkXXFOIHIIGXdgb,8,9,2012-12-23 1:34
FCGHAHABCG,cGYecaNEcGKOOHGgbIDkghMkbfUCNfbAKMdKaZMj,2,0,2016-06-25 9:03
GGFCCHHFA ,JOMchMcEC UbiZLXHbDfKDBX eYjKECjYAdJJIag,8,17,2012-09-09 9:04
HCIBFEH AI,fY eIkCfgUMJRicGCZOVFUNeCTLJZehAdIVRBgeH,15,5,2010-11-30 12:15
 FIIHCFFAG,FSk QWWNTYaFJ ikMLgQDOlQZVcBXONBjXNX SLf,4,5,2015-12-05 5:22
G BBBBEEGB,bCbRZTNjCfGaP ajjHYihYdIYZWeEigfjiBlkETi,18,18,2014-08-01 6:11
E  ABAGBIH,B YeKYAAGaPAaCKhfYcFQTGNKeiMXWEUR UZdkQf,2,0,2013-02-14 2:22
DCDGBCEBDF,HXbPT hYTEGHcCDNPYRGDNONbakFdGDOEZWMIGGB,9,7,2016-01-06 5:19
EEIFAAEFB ,gdcabbWTfcCj SLMecAaWM lFgeAMigIj adPlMc,9,15,2015-04-02 9:23
GAIHAAICBG,F QIXaY JffYRT dIYl VAVSIfKSidWCkOe cNCV,8,12,2013-03-26 10:42
HI B IIBF ,hGfblbVDI B RUEaMXFTMVBkcAaZGQYB GfQJRHS,0,12,2012-07-04 7:05
BHHAC ACAC,haDfbbbh ZECGlVNUVTQIX SaTa GUAUHKjMYEbM,13,11,2017-04-03 2:15
EHBAGBHDGC,ONIRBdGAKkfYdWcaZZkaVgCR  RFfbSBbbOBZg k,5,18,2010-08-19 6:56
BCCCBAAGEH,RdeUH eCUTkPVcThASaSKbRZTDhFYdGaW DbAfaT,17,3,2013-10-10 7:38
EIBGBCBAFH,YjY XlafSdKeDVgEKIJILXBhDYWILjJjjU LTlEV,4,18,2011-06-23 6:12
CCFC GECDH,klVffFVMefPOaaikE F YdIBMIcLilYQkThBBIMY,0,8,2011-03-26 6:29
GDCAABBCII,FQaKLQJleSZhWf egbhWGFEeKg hWdG keOdYLC ,6,14,2014-08-01 1:10
HHAHGAGCBH,gakFHajie ZHHSXNOFfAHVJNEkOKkCJc AiKJLOd,10,2,2010-11-04 11:01
GCDEEFGGFF,WifRAdlkBRSRKFkE AENaZkAKRPGBWekKBADEQB ,13,14,2011-06-04 3:56
EDDF BIEEF,biNhCNTTahYIEiXPVgaDKPl MCWaIUQPiaIAjQef,4,19,2012-04-05 2:23
DIABCCFAGB,NK YCliQjAUYCkCBc CCLZIfN JP EWYPdNVKXZg,10,16,2011-11-12 8:13
BBHFAH EID,EIQSPCSSabFhUkdFRDSGWRJTETVaeLONEOAQQHIg,0,7,2010-05-12 10:59
EF AFBBFE ,cGIFl  ZbebLACcXHAVkFdJMPEKiUbKXJajCYeeD,3,1,2015-02-08 3:24
 HGIIECAGA,agPLY BlYfAKDHjZhPcVGfVKBWiLDMIfHVWdBSlM,19,8,2014-03-08 5:32
EEFBAIBDBC,jX VihQDCaH lUMCYZZGDFdFXhj CERjNORjMlfH,15,3,2010-11-17 1:07
 EFGHI CBA,YgjidKJlNQAfhfdhOMfiCBDDPCeHfZVjFAWcEeBR,18,16,2010-06-17 5:38
BFEAAD EDI,dPIKFlkjX eEXGgPZDf XEddbMPQ FMdifHIc BI,14,11,2018-07-18 1:35
FE GHGFIEC,XYKKZDaAKO gQKXSaTWCkbOcdeVlaUQfZYQVgDRi,11,13,2015-06-17 2:32
DEFDGIHHIH,HDCQQjAiTGgEgiZeeIXceE dE VfdMhGJWMgAYFb,9,11,2016-08-30 6:54
D CIADIEF ,OTOlMj dFCMMTLddEUDHfQbYkCOLTagkkKRPciif,16,0,2012-11-09 2:55
IEB IABEGH,QRIVVhdHNHRUASbYDaJdRfAWPlDLPeGjeDaGCRFg,16,11,2015-10-06 11:52
E  EAFDGBA,GTJGLKdMBeRVVGF dlRSfCFRfTjVeZS fVBXTEXN,6,9,2010-12-30 9:50
CIEDDA AAF,YMEcCfdJbMDkEkVBaLElEcbaIalGOEHYSVSRhebc,6,5,2012-08-04 2:07
IDDFEHC HA,eQg WLegMFlVMEbjhbHB IEjZLVVJINecXG LlhW,9,11,2014-11-19 5:33
EAGDIEAGBE,hISUJjTBfdAGdXEURbSjWajjDWHeBWQfCIiEZBYi,7,3,2015-05-17 8:54
CBHA IIHGF,hJJlhHk ghNQlEgilYkhIKQQQXSdXAOXLRKSUDYR,0,12,2014-07-11 10:51
CC E DAEGG,DLGcBBVLGlgCRCGIFAEKiJiKZUHARIRJf WZGMEa,4,4,2017-08-14 1:39
HHCFC BI H,dKI YPUaTKRSIYQdYPWLVPbUEUdNSSRVONX NaIT,19,16,2015-08-05 5:23
 FEFGCGCHA,KIKLlNiYVLaUCDNQAlGURQBARKkaHOekJjdCPgAN,17,11,2010-02-16 8:03
AIBIDGAD  ,aO DXAQdYcITbQdSgiKgPZDlXjEGaZM OSbd iQC,4,12,2016-02-04 8:48
IBIBCIADEI,Ka BLElhDLPjUEQWaOGDDcAeEERBaZaBkflEBeQk,15,19,2016-07-13 4:00
GBFIAFFGDI,hMBNYjKcCETakkD SLdTOJSOaabPbH aYlBZWUSd,3,16,2013-08-08 5:38
HCBF EFA G,FZCE kJRNOIXSDQTOkiZ XLdZKZDfkdBf DbVRHI,8,18,2015-06-14 2:19
EI C EHBHC,eaL OcEHCbTNXXjPGTAAFdXNSI bcdOhCigGXjDW,0,11,2018-06-24 8:11
 EFGICDCHC,jiWlAYhZRZlXLBJKUOfLJEYZYHiThHEiPjZPePVD,17,6,2013-04-23 2:40
CFBHFF HA ,BJJd JVjbSeh fdXAcMe CPZGeIVdTYGlDKPPSAR,16,2,2014-10-16 6:41
ECD GI AGD,kUFWQRLJiKMBOaQOTTaNEbJdJV RHOYfPUF GPFQ,19,14,2012-01-29 3:28
BIAAFFFAA ,Jag KkA UjCEiBhFVeldHAVNNOL lcYFXiaVJAAY,11,12,2017-09-12 4:35
DCCCIBHBI ,dLhXgLVLeWDMCWkBbAYDPWkZBTDDAbAU kkCOEg ,1,2,2017-07-03 2:48
C DGGAGAD ,HWcYbdAEX NQBN ObLkVTYIYKEMCOL APXejGWFP,16,5,2012-08-13 1:32
 HFGHF   B,S eFk LVSDcHYNghkRAYMI hRMbOWUAlIAHTGHWF,5,10,2012-11-24 10:03
FFH FB IAC,FaKCZffAQMikUF dbUcLe jAPhDPVVjb LPbLChl,19,17,2010-04-30 7:01
GEC  EECCH,VVAghI YWYSBbkQLfDCAQBKWilbYKigehHReNPPd,6,13,2018-12-14 12:50
  HHHEFF G,CMleiTDVlZLTIjLGBdkCTFQJlhN HdaRXMUZCgCD,12,19,2018-10-17 1:59
ECBCH HHEA,UFkajGKlPSJhEgMiZOcNUWdLLie iIHHDGHDkakE,15,11,2017-11-15 1:15
DIBCCAGD E,VJHGeYKLgQYgJ BWBfZEUHMPRVeESglWIfKiKka ,14,2,2013-02-01 4:06
GBICH ABFF,bXXV JOaICHUbDCXHXWPQPZXIiFGGghXOAJDUIPI,5,14,2018-08-14 6:06
IBBED AHID,YHXWQaZlAkhVSTWgHMWlfi RDFZ gXOB VlSPTQG,5,1,2013-01-11 6:07
F IADE BIE,FRbbB ECZSMWVRiJXd cPQkgFkO ihFQgEXDklbE,1,16,2015-08-09 6:53
 AGHHFAGAH,jHMAgHRKOQUURCKlVAQTcPcdQeXlIXaYgSUViDcG,14,6,2013-01-30 6:33
ABI DEIFHD,IFSJASbK dPbOkSDGWASNCeTMZAOIAEFgjYNTRgW,1,17,2012-06-06 8:12
IDGEBFCAGI,UXDlLOZTBehSWhNTQ NgLCFYRMAGFUBbNYGBYe Z,18,0,2011-12-30 12:52
 EEAIHHGIA,akeEJkDAMclAIKKYQRjd MZDHMKJfEB HhgCahMY,7,8,2012-03-14 1:44
HCE EDAABG,iMXfjeSVSS OPGNIKVgKYVJYQEaINVRTlPAA AV ,9,18,2013-04-05 1:46
AECIBGB IG,UTkIkQJS JYLMT dldVG gZTLZ SJ bOFblPiEBa,15,7,2014-08-21 12:13
BFEHEAEFIG,INeLHSUTiNeBClPLhMCW ZdclMe fVckOdAHOFKT,7,18,2016-11-13 7:14
IHH CDH  H,TTbfREVTWTelEQYSlljkeVP RgZkaPVQhPMLlQUV,5,14,2013-11-02 3:16
GBFDHCFBEC,QLebYRbjh gaHlVYNkgeMGXUIFVV JKLiIFSPfVb,15,5,2014-08-26 8:27
CADIAA DBD,QidbKhPUEgFaXYkLUJjWjVNLlaHFAcMCLQEXQkGU,9,9,2018-02-27 1:30
GGABFD BFF,FBEjfAQLROKiAeKh  ViXSJBVGEDHGQgNgh YdPR,14,7,2010-09-09 8:00
AABDHAIGHI,DWIfGSIegOLlCJNjTFeXNILfRUUHchKhVkIMXfYV,14,9,2014-01-09 12:57
GFDGAI DHD,MXPMVZjOTBgMIWSSHcgRQRWSSDlSFGKGIYUGIkNA,18,19,2010-12-03 3:46
DDIDGABICH,V Fl bQDaflEjhI gOSf CgiGbgeSFVUjGfKUO E,3,6,2017-01-16 2:17
EDEE HHIIE,deaifK YjJeMNH heMljNEDbkTVfe L IeDWgDPG,13,5,2015-01-14 9:12
IFCFIAEC D,bieO  LNBMTVikIYPF dQgciYdSC  iiDdkYJBPY,17,11,2012-01-28 7:50
FHHDGCEE I,gliJOMYhJ Dif GRLaOejOSGYLllYA dSaiHYXJE,8,5,2010-05-24 9:35
GBGEBHDEHI,ebWMeZQNMEcI FiVbYVfDChigeXXCIRLBLOMYPaB,16,10,2014-02-26 10:55
 BFDBFFBCB,EFgTdfFPREcGUTNfMfjGVNOcIENHIfl KTj ENOG,2,15,2015-04-04 9:52
FGGHBHDEBA,QVCAT HkBFMH eOcDgZDKMj BZBTGXHCLCVDDUBS,17,1,2012-03-19 12:41
ICAICCEADC,gYGLMYXLfMPeOjFIUbIjkiFeQTVXAahhUFXB jlP,5,14,2014-08-19 1:45
C FABIIA C,E j MHXOLQjXhYdDYOCJ fFhKgLKSWWPWHMgIU J,11,16,2011-01-28 7:29
 ECEADFEIF,WQXGcGNTdjJffOVLBTGWZfXMLZTGl JN DfkBkce,5,8,2011-02-09 8:58
CD  EBGEFD,SICXOSTVIGlVLSCLTPkVfDCAdLDUbiLBKW PNkFZ,17,13,2012-11-01 3:01
BAFAIAEDFH,kWBbGeHJWUMcfYL PFBDEGlUE lLiUaKEJWOGVWk,4,16,2015-02-13 2:52
FFDAA FBCB,AKFHEOlbJIBhUMCKeEaIBdHBWedJRGhRVYQQbVTh,13,0,2018-09-29 5:17
DHIEHCEECB,ViOM NZVNHAD jWIDEWMgKMjlAAUD W hkBYXlLX,12,19,2011-04-21 9:13
AGDIEFGBEF,AilCglFGCGPNidCeKaRWkHGSPMLREf JGUJ WclZ,4,14,2013-12-26 4:32
ABBICABCIB,gHMJT kGHlAjIEgMdEDklTUAhOHdRGdNRHG dfCZ,16,14,2011-06-01 3:20
D GIGEHGEF,X  ggkSlfRPbRHhUTL NNWUcTKJblkHZPbHMgSfY,14,15,2016-06-27 6:25
BGAGEEDGGB,GNKfiFEZSShOjELgGYjMD cejlOahXGZeVYMjW  ,1,10,2010-11-03 2:52
BFADH GBBC,AYbAeCTdBVQUdNLh VBOfMSTLDibd iTdYblVaWG,11,16,2014-09-03 10:55
ICHI EHG C,SMfCeN NHlJleIPTgPdPXQKQgUYBA bI KE CARb,17,14,2012-02-08 4:46
EBH DC IDF, N iSLTjB FaZTDjcLKKRdNGARcPTGXKcWRQ GUa,0,0,2015-06-06 8:05
 DIDCFH ID,M WUMdeIT EGNNCeXLIBJlabaiBeAldYRAgAMkcg,17,11,2013-05-28 8:20
AFGDFGIH I,TCHPghRdbhW eAISiYbXRfBhHVONS DXac Taj c,10,12,2010-08-21 7:59
FFBGBAGGCF,JXPKBaMI HFWRlXNPXLQZEaFZKfb iWaTDZbFDCC,18,14,2012-05-04 8:12
IG DDCAAHI,CdYUUPSjbGFfkSLibHPlAMRkfXA DZATIWCSBkdi,16,0,2016-11-11 10:10
DH G HBAD ,gfFLGlSaGKfReRVWDD UdANFikiTPZCaahFVceUl,18,12,2015-08-07 3:39
BBIBHHBAIA,klLXJYfEbOAKZCAKhbk MERQGHeJILcHcWDLJXfM,6,11,2014-09-28 8:16
EHIGCHGFHB,XebLeIZcZhNYOBVfXiVQOEUiGCc ADSHTlhEgNdG,1,3,2012-01-11 1:17
DFHAIHHFCG,gQMIeZCEH fcEbGLejlYXVXNSKFKhOQKSZOXWIAA,16,13,2016-09-29 12:26
B BCFBEADE,YDFFZIjNgaiFEDaJjegdY dLOfOaXFTHVAheZgA ,5,12,2011-05-30 8:37
FECBDGCHAD,SKYU giFZlKQUPjikQWVMOHMDiYeKhifOPjlhWgA,14,13,2012-07-21 6:42
DIIFIBHEFF,hDZEfMKaKPPZLNaFkNDdQRiMQhS eIXXOXgBHYYO,19,16,2012-02-17 6:03
DFGECGBFIE,dBjBDT dPbhbVlhhOfM kYjHjCkLTXVKFMQOlCUS,18,16,2018-09-24 6:03
DEFGBABEFC,caBLBBQeleQFLYaIgCiJSYEAFTjkeH ODTbJkVN ,4,5,2011-10-15 11:57
GIBECEFCHE,XERfbaEXJSagclfWDZbfZ MSK bfjicZCSdQkTiI,9,1,2016-02-22 8:34
IEBAFIBGFF,JfGaLcFYieHFWKhkZBkIRAYU QOkXgSjRfIRfbKZ,5,15,2016-07-19 2:40
HFHC CDADI,lKFTaZhQBJUjjWcFVZh hihMdDTBllMclbMOdQPd,11,5,2015-05-26 12:27
ECCAIGIHAG,bTDlbCIVRL INSBBaAIPlFcJQclRERfdAUdhTiBK,6,17,2010-06-07 9:02
CBB BECEDB,IlMOcjbGBX SFL   VaiTERBZXBcUjNOEhbZQWbD,5,19,2014-12-23 10:31
GIHEAGABFC,dVN jIcXbGhWdJTZTQ XIXR iYTkLKaMB DKYPBc,16,1,2014-12-06 7:27
ACHDAHBHHH,AXkXVMFaSkcTSBgYMBTPNDjTljXZiPWlkKJiYRSk,16,0,2013-10-27 2:19
BGAH GGCIC,k IFLhbkSOWIgUcOkiIkBBhkjFMVEDbAhAgWTCHA,2,17,2013-06-08 3:04
AAHDIDFI G,AMMdCFdgdHWTSEGkRgeYjAdPE bjCiBjSCcPZeJM,14,3,2015-06-08 12:43
BHG FIDBGG,TKCYQiP Kb hjcU CNDQilZbPSghbEKL SJhBMMI,15,7,2016-03-14 1:21
IBDAIFACFB,CTGfUlZHhNfTLXDZiMERXOiQadcgGQjAQhPh gLk,7,2,2010-01-19 6:20
IDB CCFFC , k caaPNDJbJXRl gahLdkUJBWDdPgGXUEXUSiKZ,18,10,2016-01-22 4:40
ABGCHFA C ,flIiiQOZEPEGfPONXKdOcbGCMFZTiUNjKXCiVSGM,3,2,2013-10-05 1:44
 BEFIBGHGH,XKc RkULUHAUjbUb QbNOCKAYHVeD XIUCIVbBlL,1,4,2010-12-12 9:45
HEFI GIEFH,JcHXGNgNiSLXIMJfejFJjaaLEGVBeOLHLRlOC gV,7,7,2015-03-16 3:38
BACBDFFFED,HCd gOBdBhSEejUHMIgDIQYWkkLjGW Mh SQaOGV,12,11,2017-02-22 3:47
 DHEH EBGG,lRKaJJaDbSfDkEIOYFNSTUOBWKKEecZXl IPjGiK,19,5,2017-05-06 4:27
ECIGH A HB,aVidlNDdKWTJXDAGhLLclZMcRiOLgdCGZcSVVQFW,16,7,2016-12-29 2:41
FD AA DHAF,baACiUQfihkYPKlbbIIQLfdQSHFZOB JOliHMFD ,19,10,2015-03-15 5:14
I DCHGGCDF,OdVDE fWlIeDPYbRMMZZcYOMJVMSGTTjTI SBeHC,19,12,2010-10-02 1:00
BG HIDDGDI,FhLhXgXYSGhXXJlTWTLckFjYEABLjegKJUTZgcOk,11,1,2014-07-06 3:38
GHAFIGEEIB,eP cHQHiQfYDPWCY kkZTChLReZWDOMeGYZiDkNJ,2,5,2018-10-23 8:44
 CDEBGE IE,XgSJkYkAaPWSFLVCljdFXENLVXAQFEJSbTdkJhYg,16,10,2018-05-17 8:27
GDGABEHFCF,JEZh HYSKbQAlIjSVCbBhiITkNKCM MKDSHWePj ,7,16,2013-04-08 9:28
AFCGEGBHDA,QGMiCQIbUXSfZaOCMhACRLig ZhAbTOQDlZ hfMc,0,7,2014-12-02 4:43
AEB I GHGF,DHaXXDbKDDMGFOkVMYlb IR GkFHBXLRWIIcVGRJ,19,1,2012-08-03 12:46
H IDIFAGDI, iJGWUIMJVkhWFWIGAZSHQLTGTCWJYVNeEASRYlS,7,8,2010-03-27 12:12
HAIBDAEACB,URbXVNHfQPUSelMkSlWZYCEDehJZMbYM UIQjEQI,19,14,2013-11-02 5:56
FC HECH GD,TIgFfAG RLfSlYklELkcWNHKbW aFLMF  haDMHF,6,5,2016-06-07 12:06
 BD CH CED,WjcZhiNaIWQRWlDND FfJEESLMMV ZYFJReGUfWR,3,4,2018-07-20 5:33
BIC CC FAD, TijHTCPKSAaFbDklXBj HlZdeMkHPJa OGMiXRI,14,6,2016-01-03 5:43
FDBFGDBIEI,Z dVcPGgFGRae  QBHbAAXdcWLXL DeeXAkjdENi,12,18,2013-07-18 2:10
FAH HIIGFE,KTJIENeYYSbFLaMaPBJYfhAD TdCKC NfB BjOeH,19,18,2015-02-19 5:55
BA IECC BA,RaV DgcUKHgibFFBEFTlIXHJPafgKURVRGZVZXGA,4,19,2013-06-23 2:40
HDDGG EGFG,DeEAlKJWhKaADEJjVIHZTjiPRhlTTBLNP FGbZRW,14,2,2016-10-26 9:04
DABI HFABD,PdbLZBBaRKMcEeTbMchjW NRNTUXWAhGkAkCNhd ,6,6,2016-03-03 10:17
 AAF  IBDD,MaVfNLcYUJjdkFhbAcMMTfQQaZBlQZ Yc NTYCRP,14,18,2017-03-20 10:47
DF BBIGIFI,jaTlL PcIeAIfWTQEcZKXSSTgb M ZiiITbhAGeW,3,4,2014-09-10 1:14
HEADIDCE I,afRYlMLjOaASBeNNMfVCVBXdgaFHDfMPETIfGAEZ,0,7,2014-05-10 3:14
FE AHABIII, IdFOHcjAYaQLiNXIVjAV lMdbFjdZPAFRIWJgfN,1,12,2014-02-16 6:33
A BCEHHCHI,FdVQgMT HU  NYGhQbXiTYSJ aKVVcGafW YfFeY,13,9,2016-10-22 10:46
FA BD AHGF,eeOeHNlNVMOhbIUWNdJIUbjFAKP GLPIWhZBQkMO,10,5,2016-07-29 10:38
  BBI F CA,cIWOJSeAQiehKMRBaBA gdLfY hWDGOODMcalhYc,5,0,2018-01-01 1:07
BBBICAAHHG,TTAJBRIHNhCfHCHYLORlOe lQLQWAPPIUDTDlfEj,10,18,2012-08-14 5:39
G GEBHBBHD,JTZUZRBVheDWCcQbhceiCMQJHfUZk YcNiMUBOOD,5,16,2015-01-08 5:30
EA G ED GG,kON OWTgZYlBlShBEKeICUlkGFQ  hHfGb TjFSZ,0,6,2012-11-21 6:00
HAGHGFBB H,LdCYBKiaZclCPOePUVMSLOAfOQeKILLCZSa Ng  ,15,19,2017-08-25 7:58
A BFAGA BD,aVWNYZFWbGSf WjELKkahFdhJBBjICbBhGjaYYJJ,19,4,2010-09-19 1:52
EFFI ADHDC,D KKNWaLETGFPCRhXRiEDJPTVRFiMIA TSFAXZFC,7,14,2014-03-31 4:30
 IIBBBEAHH,PUjjRYCTVNFelfHKCfQCcihUIYSCdYTGiBRXBDEH,0,4,2016-05-02 11:41
HIEIFIEGCI,gfINkOTVkJADMYUjLLRVkJ UKWcSRUF GHfiZFTe,1,7,2018-09-02 8:56
EEAHDA EE ,G aBRA EfFMXbMXe ZPlKEJjJdNY dNhkVIadHFa,0,0,2013-11-09 12:32
G EIIIHDIA,eHjhUEBbDFibCKRTBbJKAMSDXYIIgbUgblgOXZI ,9,3,2016-02-05 6:19
FCA HAAAEF,UjHWLSCeZ ejdbNPQJFHTQOBFYNCHdJbfhKKUiOa,7,11,2014-12-02 1:38
DDEFHBBDCA,BYTbaWMf OfXQVckjVaLbUMKIJElf aVTGLddiUJ,16,5,2017-02-13 2:35
ACBFH CCCH,KkBICBVKGWOUchhVXkKaNMTLiJiJaLKYbefgKPEA,14,16,2015-03-11 8:49
HCIDGIEEBH,jGPeeDlKPYCkaDgOgDSEgNfJEPJVBhNMTQX eiIG,19,19,2013-05-22 9:28
BHH HGGFDB,ID DARLOPV cYUSWiHKVMcPlCHjOHUdZHLB  NCM,8,11,2013-09-29 6:29
IIBDHHHHGI,jE  URZVNekdSCeQXbPAGGAHUPCDgbRYDElFEaX ,0,1,2013-09-25 1:08
EEFIICFAFA,lhNllETAdeaEHTfUMTeabLUMQdHBJXXJHgAWSFRb,1,14,2011-10-22 12:22
E A CHACAA, GCPfOVbdKXYfSdLbDgOPXGZjCXYROHNAClbTh b,3,3,2012-09-13 7:46
BEEGCFHHB ,WISVWZkUPLRihlPKjAQkg fPiXlWXcSKUHWdNR F,11,13,2015-05-11 12:50
FDHACBAIBI,H dW jNA RLAhOQkkBdQaNHiOMfNeWJfjJLFC TH,19,18,2012-07-08 6:11
EHEDDEAIF ,  R gJeKi GhMi  JBCXkSjIchGLhIJ hFAkYSEK,11,1,2013-12-11 6:14
D AGDI AF ,gleXRd BbibDjhM APlaOTgRDQMIjeWdLCjBcELf,10,1,2011-02-06 1:19
GGBCAIBABF,eDXBZcdHN hPfhHjiGhb dFCML Ddj KGUMBVkUj,2,0,2014-06-04 6:16
G AEIGCBBG,kKMjHbJObOUHkNELgDTYQacYNiU kiUGHJa AUPP,13,12,2010-08-04 11:10
GHIBFIFB G,JXACSWfYkT HVDBUNOKJXIFJJiMFQTUfVCMeh UW,9,14,2018-09-11 11:29
CFEDBAGGHG,ESUHeRFOlccQRGHSUAbLCcIQMgOJ HadcXMYBW K,11,18,2011-06-18 8:56
CBIFAG FII,J RZEMjYSeBljLGPLVZXFdFJOTlNjULFSRPMIQfa,4,15,2010-11-17 6:52
IBEICC ECB,MjNLFeBlglFXdi igQJSYQSkTCCkPT GTIdjkhHZ,3,8,2012-06-12 6:19
 CCDCDECDF,jGD YDGNScW AYiODIfdajNKKOFDdLEdFXIA bi ,0,14,2014-11-11 4:30
BCEGDCCDI ,NjHhTbZkOIEAPaVlXaFLLbefPbXWTTiedQaUCJYD,5,10,2011-12-20 10:43
GIFAFCDIAH,faiYPk YhbcUPPagO ZLOPDEAgS MGQZ CeTFlkA,6,8,2011-05-22 3:18
EDHIBH CC ,aGeK UWjTEEUBNbfLTBDSAhlW C NEUIPVVaSFkb,12,6,2013-11-05 5:13
HEHCHAABAB,KCQfIQKFEPcFIGgNP PHYHBNkYkVXVPQHXJkWCKE,5,19,2015-08-15 8:38
EIAGAFDFAG,LgONTaeXWQiMbPWPlhZUgIOM dCOacFZQOXXlGg ,2,4,2010-03-26 9:31
ICCCFHFBAF,RgfhVSUlfNdAdj  jNXiCYafQgHCYLBhahdOljQQ,14,9,2018-06-03 5:36
H AAICGCGC,SPYhGOGilBINBBWgeXWMlFOBZhJAL XWeZdRXJG ,2,8,2012-07-13 1:56
DBHGE HCBA, fQafAgfDNWIPPRN HPiJ  ibcKDBKQZDIehBjkl,9,13,2010-02-27 10:37
C BDGBFADC,QUbZl  RJZQWFfbUgJW NLEIMiNCAJDhcTeLcOOZ,10,19,2015-06-15 6:57
DBC G CEEI,fC XMFW jSOBNLdJNdfhcDPekBPTB YhcFhfbhcM,12,18,2013-06-10 4:51
GAIBDFFHFD,XdRGlMYFhhh JELdaITcLcZijCkB AgYYlBBeMAN,3,16,2013-04-14 6:51
II DHEBA C,JKeGAWVPLHZEk eHVgBIUQfVUKkYHega ICOHIKf,6,5,2014-09-01 6:48
HGEIHADIAF,LIHBcXdMiedZlAL CceaDScgfMdcYGEh REPSX E,0,19,2016-08-06 8:50
DDCEFBGF B,YQAYaUjXg ZAXP OU IXjBBfLHQVIaY  GlelIQO,11,15,2011-05-03 3:59
AB DBDD  F,YcEYWP KTHFDcgMc WK d gSdaiZNOXMHCBlGgji,10,1,2011-02-08 1:53
BBFHDFIA A,fakYkVK SlEdJFM  ZXR OKFZLRJA OcS VUULkg,10,2,2017-12-12 3:14
CFFFC BDEH,OJGV TRKLlA XReWFRXOQfEYXTAdPTATbREQFIWU,0,3,2011-05-27 5:36
CBB CA CEI,RJTFflLcFMIBJadiQDcSGcKQHheiNXRhHRSdMTeG,2,19,2013-10-08 6:51
  DAI CF I,ZODfcFVaAabIjZhRbhBYYiOHNSGjVgPOJDIVZVdG,9,15,2017-06-07 4:40
AECGFAABBG, cU LQdV XPWcRYGlgQFMaTeidF EFVTMMRHaBPL,11,13,2016-09-28 7:43
EBIDCIACBE,UWeLeXjODMPFTDPPReUefYW LVHglihTdRkTTDSP,0,2,2011-08-06 9:21
ACBIFAEBAE,BBKKXggMVMdhIHieKeEhdUFNIEZREhPVABNXbDNU,15,9,2017-04-15 8:14
AGHFHB IBF,EQPDGMEUO QDGXMAAKcRMRNGcJCYPDRPMdXBZFWZ,6,6,2017-10-30 9:01
CAAFHEEHCE,kQdiSaUaJXdHMgAIGgW VN PZgQiILOWfTJkjahD,5,16,2012-03-13 7:23
H EHEBHHBB,NWIgQJXJ NMUkOIOUGXOHkD AJLdbCB YMJbJlSO,16,6,2018-08-28 7:57
C EBCDFFH ,RbV FdDXXfgXgRCOEYjXEMSALfI EROJhFERRdCI,7,15,2016-07-07 12:28
CG BCAIFFH,WNCNkNTCSIcCENlTaBKKSUdX OUkSYe MMGDNjh ,17,17,2011-03-22 3:10
IBE HGEFFB,QNCbJZ V laQJDDA cR QFPLFifJRRA TG RGOTG,1,7,2017-05-16 10:48
IF BD CBGI,RSFEjYOPkXlcHJgNhLEbBjNcXLNhTHEgRheCBPEM,1,6,2011-11-10 6:12
CGECDA ICI,kNQHABPXYbflKYcgEWBF dWAGeDgUDbgAEheBk l,8,13,2011-05-24 7:24
CCBBDC GAC,fO ecgURMTJZPlGFgNIUFOaAjBKIkfed Q SNCPY,19,5,2011-11-06 8:56
CDD A FDI ,ceGEYTaiNCH JY cDV heUBHlVMWEPFFTbCLSTJl,17,13,2010-07-29 9:25
FCB  EC AF,KOhkAYPHbScLCTEJLbTTUjlIFWEVglPPlRWFlAb ,6,10,2018-11-04 1:27
BHBH EG BB,FlLXhRKEP  hDODQaLBjjjcGIPZQEjLiIW kbajM,4,6,2014-10-01 6:23
D BD HDBCF,jAYjbikYcKJDMbHKETLGPVUbLNQNbGFdFkgODSjU,6,19,2016-12-08 1:26
A HIAHGCBF,KKNlQidcSdDi BX  IRbYOZZaQBNgCYWKaFAkGFP,15,14,2012-02-27 1:11
AIBGEBHEAC,JWNYdkEMSOcDg lkkiGWiBdAHGPKFYkDQDNKGJIb,17,18,2011-01-19 12:50
EH EDIDHHE,DEcBYNOS HcWgdVkfEEJcZUYMWbjiTcXgJdMJGlA,16,10,2014-08-04 7:52
CIA GEAGBH,NkjBeCaejcPEQDLKCVGXejVFlcjdMeWFbGO bXAA,17,9,2012-07-28 4:00
B  GGGCCGI,TMKaKAeeBCOILEbcaSWXdOZTNGdKPiMH APLXEjJ,15,13,2011-03-30 6:37
CFBE EEIIE,Cfjf jCVbiPkZCJdTSlEZQlMekgA UIFldBUSNJP,15,2,2012-12-30 4:05
GEICGEBDFF,PcM UZHXOTbl XUePcMCKNOOWHlZKiYNRZZilSVd,2,18,2017-09-01 5:30
CDHDBECCCB,aDiZekEcW fdMPkWdMcJhcfkgQFHBiPLbElYbilI,2,8,2017-03-08 9:32
FAD CE EID, cXJTWfBVXPhcYJ FikT eLheYaSKQb lMWkcCl ,1,8,2013-12-23 11:28
IEHHFFGCHA,RUQGakJOgWfefNaMXbBLJQhIRIdF UdKQNPPUQeC,3,12,2018-11-09 12:42
CGFED DCCF,PdOTLgbiMlNieOcdhjJGUb kLc AXGZhThQBlCfe,18,18,2018-02-11 5:22
GDGGBGCBDE,dZD XZZTgjbDBlCX adA fiUUXATOGNIbYhKcXNM,8,16,2011-04-04 7:47
EFEDCICBHE,gj WdENhBIQaXeGNRT ifLbYEAkjYOKIla aOaOU,18,17,2017-11-25 5:59
DCBHCIH BI,dH MLRLjjGYPjlHBLJIRRYKOeGaaUifNUbDA gig,12,11,2018-01-15 2:20
GF  DAII F,KRCQBfSSObjKhOZhMEkcQQPTNbbaDQBBgKBFlfJD,3,9,2017-04-24 8:50
HAHEDCHI B,iWeKeaQgMDMjJFXZOSIhgMNlECMHPPOOaDEHXTBQ,15,11,2011-08-22 7:43
E BEIC EBB,ThlkiCEQSiRhDHJRiAkUbhLEjdE bDkiSkWMLYU ,9,17,2017-07-20 11:10
GICGHAGAIC,jUageMOgWKiPQVINgBQMWYVbCkXLgeZ JRlBflZJ,11,17,2018-11-07 11:41
AFDFFBFAFG,GgNX IbSFMWaPQOAVijMOM fWSHGfLMVggfDlUXB,0,6,2011-07-04 5:52
EFHE G HDG,jcGbODfDVbUBCIjWEgchTRDNBJPgDWYWMVSeMjPY,5,15,2010-12-01 3:59
CFE I GH D,aVWLfc  URCWWkULUKTfAAfREhl TCZCDHjHLlVY,5,15,2016-01-27 8:09
HGBAF EF F,DblOCjNBNFgGEESWQjAc li GIdDaQYe iahNO b,18,9,2015-04-18 9:24
DBCGAID EC,UOTEkeBl NLlbOLNId KFhLSLRPMTBLP eSERhSc,18,12,2018-11-12 4:31
HDIHDB DEG,ULThlhagjLWT hVAEDLYDRDOjLjJPVOLWjHQVRQX,8,18,2011-12-26 7:16
CD EBCHAGE,J aIFJAVEGKSIHaALABUAIHBRgUhlXkdHGAfiTiT,0,11,2016-02-09 4:15
EDFEIAH  H,URJNlAaYMKfiBXUSXNTcWXffYgWhMeHdOaOBdJ U,6,1,2011-04-15 5:35
BDI  IGFEG,C XBUKiXVIYLHKZagBCjkSETWcTdcBlSIM JXhBY,6,12,2016-11-05 11:44
AI  HFHA A,jfNPlHOWFBkPJG cSUZWgbJ gWKce eSOIUUBaWM,6,0,2018-02-08 12:49
FDHCHH FCF,KZGDYfPfTieLJUJTMJYYLjeUZAfTEUTGfIKLHAXi,18,16,2010-12-24 9:52
ABDHEHBCIG,  RIaOfgLQdRWIdgkIckHMEUNGGSNBMNMQ PDNU ,0,6,2018-04-26 9:17
ABBHADABGC,LOHfYkUZSJUOEeZIUUOOSGDgXQeLeilkLWLYWDAY,3,6,2015-12-13 3:59
 CA HIIFEG,CRTeRVMCKQhDZNSEGNaVeTXbZaahhBPXAFbUNkWg,3,0,2012-09-30 3:46
 DGCEICEGF,DDaggNfQcUOC  ibWhVBJQNdOgGfKJgiNXYeWTKF,2,5,2011-04-14 12:07
GI II FBBA,IFLIRRDAXdDbELl AhMDSiPCbYcdBAaPjS POXZI,11,19,2014-06-02 5:50
BED BFGAIF,JeRkEjRThbFTDTZMWUUXLkbQHIeeLHPWYJjPN gX,1,11,2015-03-13 4:02
DFGGGID FF,VTXPFRT lHKVdffOZaIVkANSKLRbfUeCCTBNSjRF,14,9,2010-01-18 5:10
BGHCDGEBAG, aaB lKRWVDSGkaGTG RXaCQejYL BUckABelLQV,13,10,2012-06-01 12:36
EGBEIGDGAA,YH dCKPBOYXXKhcQfdcLLUFPDGTcbbEHWLKKhcBZ,17,8,2016-12-13 6:24
BIEFHEAABB,TDCTaDLljEUWaaDaEDYLeZWdKgWJQEjkHFb GNdS,4,2,2015-10-24 9:25
GBIFBGDFGB,FNLVKajBfIIRYSjhdUUKZJQPJhegWNJBkNaESGGM,10,3,2010-01-22 7:16
BCIHACDEHA,gAccMXEFYWjMSKHhXGYYjdTOXWlNjRSHCPfdDdLU,15,9,2017-02-01 3:41
FCIBDEDDD ,AVbLNA DAcjGKeKNGgNgQkMOSBfdVMBTMSEONhQh,0,0,2018-05-23 9:47
AFHD HCIFA,bgWAb YX T aX FXEFUEIMKOeRYGbSVH UhhCDPA,17,18,2010-06-20 12:35
GFBBEEHCFC,VFbeVgEITRaJdER SeeO IcdaCXOHiAiLiTZgNKY,6,0,2015-10-01 12:16
 GDFGIF A ,ODACklQMdXDYREeKiWPT eCIbSHkaOf lMRkkLlA,9,8,2013-06-26 5:30
 IH HDH EA,COfVNbXYjKkQOVaJGUAbkQESBWDlBbYXNOgQG Tb,16,14,2016-10-21 4:09
FIHDH I CE,WZlZlEGFCFOjCKXFK DGTRWdaRllCOkDPPX XQDJ,17,12,2015-11-17 6:56
DFHDHFAIDH,QDWOAlkBHI KHZNFWRDVkWjeVK  ZhPjNKNBdjGN,16,12,2012-08-29 1:31
IDFAEICFFA, T flLDY HFEHMicARIDjFEOdAZNGBSMTTZTYaCd,6,9,2018-10-09 8:51
AECFDHIFDE,FOOX MNbUjl ENNbcJjOKGA jbkRJOjFJhXagICL,18,1,2010-11-02 2:29
BFGHC AEEH,aZNcE TUIPJYlPdMcIG eHceBAiCMggfOMLOejQd,16,7,2015-03-09 3:34
 GCDCDHDAG,Xcj dDgMDERlJfkAFdjJBaNkgSVIPRFDaNefTZJd,9,19,2014-06-17 10:05
AECAIG E D,MTKgHXkThAYPZBgPJBJRLbHLbiO gOjhZLHTNDS ,6,12,2014-09-03 5:18
HAEFGBF EI,IZQVdhVVbWPHQJKaWGYeEANXijkgRZDbbGFffKXM,17,13,2015-07-08 8:35
AFCBAGDDBI,RYMfPkGYCJKaDlfZKIZIZVL Xe gVSZYLFhNaBaF,1,16,2011-03-23 4:18
BCEBGICF D,NK JVKAEkdAUlgUQFfiYfKIf WaXE aNUUakYDQN,17,19,2010-10-16 3:56
EDB  EIFFH,NLbNkUXJ ECUHIHTEbJkVKSHbPlbCdjbegDRLIhK,0,6,2016-07-11 9:37
I G FBFBBB,fdTRDljQNKPfU GhDQbIIWJKCEhGKOKLOhD fRdQ,4,1,2015-11-04 9:40
FG  AADICG,QZFLbijSl NgINbGaGfUGOAbhGbTildEKTHXeC c,15,3,2013-12-28 12:19
CHDIBCIABH,EDggjcXDARJNKeOPLYeRB lQVYhgFcZWPcQaCElO,11,13,2017-09-20 4:08
EIHEADEAHH,IiBGLPIeJRUHfElCeeYGSNXDjkXfXZgUFLgkQC Y,0,1,2013-11-15 7:18
HFCBDEFIHF,DCYBaSCiUdjZZcWPTk SEFCUgdccCADXfKONkl Y,4,6,2013-10-28 9:05
AG FAIEAID,YXdbLeU ABhZeJ aUWJUPWNBjGPchBVERWKETRaE,17,3,2010-11-04 10:01
EBF DEFEFA,  TkfHALMjkaaZFdleKWjIkLIgHePCkUDKcRBWjj,7,1,2013-02-16 11:53
HHGIAHDFEC,OZYTf QVGlJXLVHkbCcGOWNQgEDeOSWDKCb DSCQ,17,4,2012-05-04 10:59
FHDA BF FI,SGVeTGBZCBJTHVCCHMffcaOGjHiajHKEZaXTKAGj,18,7,2013-03-18 10:29
DHDABDDICC,EPkVXkTMbccdcMkicEkPLWbXfiSBBLiBCBRdUllL,13,16,2015-06-08 11:29
  A AFEGHB,GJBkkUFOBIOfbDb SG QPXZMeYJPKkEWSRYVlQBl,15,9,2013-10-14 5:28
EDHBC FBFE,GMKWPROBZDHTNGV UFM CJPbfLOe PKTPXgHAVIL,11,8,2015-11-02 10:12
E IF GDCAB,lUAJhZAIWRQgNXgIUSNHhhXiLQHGIRGFWVkTfBjf,18,18,2014-11-27 2:52
E EDDCDACF,IcfIW bNEAeZLfVFbVigGbTWbOCWbEFjAOAOHIYQ,1,17,2011-04-02 4:25
IHIHHAEBCG,HLDdgGLFiGjaBjkfMfFiRWiPfIk DEVRkaTR MlZ,2,17,2013-12-04 5:13
HGA GGBGFE,MaRDeEkCFcTRaZXFRcVd DjUghkSO XdDbLdGiWb,2,15,2018-01-13 6:32
CEDHHD FBD,gFNgbHRkdCULbX a NUjNgQHNGLcMBhFeFhHAC l,1,2,2014-08-05 7:11
EB IIFAD C,cHXVKlBCJBJhUQNdkBfOfOESNQ SNiHgT  lZZOC,5,16,2016-07-26 1:04
IBIB CECDD, PCEe EBfMXfHFN UJShKHUHICWJONeXSIQOWJdB,18,5,2018-11-12 2:37
FD D DEGDC,hLPDbMNWGJCjWdgXQElAJhBLfXULLjkAPgFLKdOJ,11,11,2017-10-30 12:31
DAB B A FG,hVQjPKeBFIiBbSGIUSBdQlGaZEOWRHcfBcdjeVPK,10,5,2011-06-07 7:15
GCAFEI DBE,bbNLgGNjUDTBHGKlRkhMiDJKIHeDClXfFeYRjMAJ,19,8,2016-05-12 10:25
AIGCBIHDFC,gIMFIdO MdSFPcEIZULDHWFTjWYIOQbcVKGKhUlD,6,1,2017-07-08 5:05
CACBDIFACH,BWFVTSDZWF QZPAeCWLHhjbGRiWgiMD ZLjWKfTl,0,15,2014-02-08 7:34
HCHDFGHDGC,jYFOXXEQSgYQBeKD hLVCOZA IhBBe UHhVcGPAK,11,12,2014-12-20 4:08
ADIFAAAD G,ATGMKMLDQeaPeVXkNZjhLjl VbLRAiQVNPFSFTTS,7,18,2010-03-19 6:20
FHCDHBEAIG,fDkedODD FSYkMIICj IZWSCJCYHGGjURiVVcSJY,3,15,2016-06-10 5:01
CHHDIDDD H,UDMahdecegKkfRfTSelHECaAkjhVhR dhPjRSPeQ,0,17,2012-05-28 3:29
BGDDHDGDEB,OQkGNDJiY   LkGdNMdZEeGjYJgahJYMYJBfePh ,13,9,2018-04-29 2:03
 CFEAEEAHC, Dd NTiFUGSZBFOQklJOgCARaRhkHUYWHGVjekNj,7,1,2012-08-07 6:08
DIEEBACIIF,j jOkZMBlaYlDEfeJRUFELGXYMGDMhCPFdROIZdV,18,18,2010-08-03 3:13
AH BAEDABB,iSJKcIRTHlfVTDiKFVSLY lKXQgNObBLbN BEjHK,0,19,2014-09-15 1:17
ECECAIIEBH,diCZVMYMQGHiWPJeGTPONA HhbKVKaGbhliZRBLR,3,7,2012-07-15 2:21
GHBI IEBGF,DYEKIKUhTQXHFRNbGEkVdJRjaZ E QLYWW feHfR,14,14,2016-05-22 3:44
IEIHDCBEC ,UhW LP Cj    ZGVGhWePYOQhl DVYbLblfDgDgS,12,14,2010-10-08 5:55
FGE  AI GD,fUIhdZJhJEDdjDdfhV DHHBWCcUkBPfjjWIWIPGL,8,5,2013-04-11 9:40
I HGDGCEEG,PIlfahPOAUIiYAFVl jEfFSXJZMIMVFVcBBVciib,7,18,2015-05-06 5:47
F BFG DGAE,YYMbBfAEQGfDZeeVeSXBgVCONcQQNKkCKRbFZlXj,3,2,2018-11-05 5:15
ABFGCIACFD,NhbADilSYDjGDFhfjRZNAkNZQA bVFlXQNjUeGdd,6,14,2018-10-05 4:28
 DC DIHHHF,TigLFBkREEWUNVSaDhLcLVUdYfOaKQeMejiFJDVQ,12,11,2018-02-17 5:45
GAGCHII EE,HXYZRGaXIOBGOYgY LBOJfCEJZeBIeNUTZVRVSeh,6,18,2017-01-18 10:47
 DBCBHD HB,TVXll GWlW aRdOZUXLehUEakAPd WBBaNfFLTKM,5,5,2013-08-21 9:58
HGHGABFCCF,XAFbefVCfZST BaDSaACifIXKAVPOZZNPcBFgk M,2,0,2010-05-08 1:28
AHCE  C CC,EHkGVkGPEgMFVYYlkRPLkKNQOeOJUZCIMRHAJUNO,7,7,2018-10-17 6:26
CEAIBCBIAF,RleOZBSaRLdL RPGNcdUakDRYShiJlLCXjHPihjF,18,12,2012-04-02 11:53
I EC HEFII,LTZdd aHX XjFFKU fLdANgUSPfblhXfhWfUiMPH,8,15,2012-08-03 8:16
HEEAG DABD,VPWKEUU bfSkcdaNPhSEKJAOfdfQieTRCCXNcIL ,11,6,2011-12-16 1:51
GDEFDHBFGC,bgReJCGJf ChHBFXLAQHUfdfhOkGUUGiDajWkRAk,14,14,2016-06-16 1:31
ADIGCEIHCG,dfGXWGekKHFYZUJYHgJPiCNLITiOfOBbhQUkkKUB,0,3,2010-08-01 6:22
 IIIDAGDAE, ZHPfWefkAJPeXNHlPgiIQSbihjDODhaHYWDFSRZ,16,15,2018-07-02 8:01
GADACCGIHC,aJMFSPTWlElYKMSjHRPaHUSK L CKRYghNgIjFkX,9,3,2017-05-29 6:36
AFBE GBDCB,hEaLWiiTBKUWU WU gfh GEAQJBKRKOTFKQOhZMh,16,1,2017-02-09 9:09
 CCF   EBC,dIZJlBAGNXSXXGPAHikC gcYAQQFKgBKSJEgEV O,13,2,2017-06-12 2:23
B HIDDBBGF,MkMVTfalKRcKcbkXhMKFD MWXEaAHFCVDOBCQKQA,15,14,2017-04-10 8:05
HEEF FDGBD,eUlcW hXREIQXFWdNhCeGWPeJGGhaEUDigJNbOaC,15,9,2013-10-31 10:29
BACAI GHF ,fAiPHIiWcYQfBaRKQeekKhENgOXTQeZgaOIZSbDB,9,16,2013-08-20 11:28
HFBHEAFEGD,hVH KGIf lQ kIJkPZRiKV WSQbN aDlHh eGWQX,6,0,2014-04-30 6:42
  E AIG AF,kZETgZVjBN TjfBbbKdHlNiSffYX efZUZDGFbVG,12,2,2018-12-18 5:28
BCFDED HAD,TQlIdTfQGFHUkWKgUdfkRfhUDgeFJlIONfaS iKe,0,8,2015-01-08 1:03
CFIDDC GE ,YHHlCXYSDaEdDAHj HdXVPgE MjOBTPQhLQUNC I,8,17,2013-12-28 9:47
 ICFDCFEEF,JRTGcViaaLCTcdBFP RdGWhZWKabbhQHE beLEZD,8,2,2016-04-15 11:13
HEAIAE EFA,gFKJNkbEeRhJMec lkVgWCLURIgdlHaA iJQKcgD,8,5,2018-04-24 9:41
AEFFEFFGE ,IcQUijHKGGfLWFQHQOUJejeZIXcTekjeCJZAkhPl,2,13,2013-05-23 11:53
DD IBDCECH, ElgIhZOJYZiDg D gITBLbFBNPHlZZeaGINC ER,10,4,2010-11-24 5:01
 GGGBEICCG,TPNkGKVOeKhMKOVKXBgMYDkMMibJPVEHCcdSbOUZ,19,11,2013-12-23 12:25
IBFH IGCIA,JJOBSWPHX lkTWVCdZVVdBkKUECLVFKWcVelI hG,1,16,2015-07-31 2:35
I BGH CEDH,L VGGGf BkFHlHkWFEjYFcTRCTcRMkATHTdBFCaX,14,8,2013-09-08 2:26
EHIFGEBCGB,AXfPHNQlHcZehPfNSlkfROe gZXWXEOWTSiP bcU,0,1,2014-08-24 8:23
IBBHGIC BF,WiI ehJaZXEfcSXCJXQMjTR PIYJd YQSIIIffIY,15,16,2016-02-27 7:26
F ACFAGCBH,MhKeCNOLZRgIhUKCc biNdX aLVYZd RACBEUkLd,19,9,2010-07-16 9:50
ECBIIF GAF,GgEeONGOZFRPXZeGjVZWdKQkgbeeLXhFdAYfODTA,10,7,2017-11-17 9:21
 DBD DGGAC,lefFQdAVPhKZfOgjEdJ  WMeK NacOTeRjbj EZS,6,19,2015-07-20 4:50
CF GECICHG,DEEaVIEeOjaDFheckZcdAAhVJJdcTYDEKThTIHKJ,8,10,2016-07-24 9:35
AD AHHGEHF,IlRUVOFlBGKhlAlAGOdXjWNFEEAeWE WaSVHlDWl,5,13,2016-04-06 3:23
EHECBGDHFA,TaCBSMRJNiWcGCGNDidfMSaCDgGafibWMkBHOAUV,13,14,2013-02-17 9:03
FH   DAHHF,FSKdAk RjYNYJJVbfLiQHIFi MkWhPTfkfWWcl R,12,19,2014-03-18 9:39
EEHBCIBAFI,TMXAMkNGVkjiQMaejLgakVQcTdEhbIEVhXGUFifF,12,10,2015-12-12 2:51
CEFDCIEICB,SXc jcQF KIOFUTDLARIGCgX Jh  QEccBZGaJ A,9,5,2017-06-02 6:22
EFEBFCACFI,SMKXYNkHFbHiUajciDRiYNYNUAL bflCNLODcBMh,14,1,2012-05-09 11:38
DDEAFAFBIG, RR YHERUcaYbeI CfMIFHIYVViaJkbVgJM SVZc,8,12,2013-11-12 10:36
H FCDEFCF ,QkHYDRcEQBgHIYZPkMkMfNWCKBefMFIfZFQgEhgT,2,12,2010-04-09 1:31
GHDBAAAFGB,fYfhQRDMDBgVGiU MLkGWGkaLfdLHbldFRZCUCiE,4,8,2016-04-14 7:08
HEABHFAACG, SAeAESXVCNQA ILlleVCPLSO YKBk JVWUhDBIO,1,14,2012-03-20 2:52
  IBBABACI,OFEdVWNCYOPBElIlJSakOCjIWWDcP Gh hEFLHLJ,12,12,2014-11-05 4:24
I DDAC FGG,fLcFeDC fLZaMGDEKlYVSAkVVEhZdJlEWXRSXcFf,6,15,2014-03-27 5:22
H  IHIIDBI,cj TbJbakUTeiNWEWklJWaJBkFYhCWdeNQIBPEWL,7,2,2010-05-14 4:07
FHFEIIIAGG,bcLSaLOINIFD VkPgDhELPZMKVKNHHBh HYDhJiJ,15,0,2016-02-26 6:07
AIADB D IF,KUEkNNleMJiK QCFid BhaCDPfEAVJEUUMFWJG c,18,11,2016-10-08 9:41
CD HIBEGE ,MRUVZcJ YUZfZZfdjIUFPQikREdfRLXlMGZAghie,8,7,2013-09-22 8:40
BBBIFDHCBA,hQjNifVVg LNFEUADPIAWRZYEMQOOAODOALhKAkd,15,11,2016-11-01 7:54
IEBCAC GFI,OicVaPdYBHXifdefhRMXM QKlFKEWaVBOVPjYFWg,4,16,2010-07-15 10:44
DAHEGICGIB,PaWOQeScYGAjQgD hOlAcKlDBGfUKRdaS iYXfGd,2,8,2012-05-16 4:08
BCBDHBAGHH,jGbhTNSIliMCNDGWCB LSAJES aHOdObChEiIlUI,10,5,2010-06-28 5:49
BDGEDIEFBH,QEARQlXVbUIZDXVNhSAkXJ LIaaWSLBZFlNkGMQC,0,9,2011-12-30 4:15
IGEFAIDBAH,dEDVaKYb OTMlciPbPfGV FMBQPYDK dFRGhjSdM,0,1,2013-09-06 2:56
CGFCEAHEAH,GfUgMAgjRQBX RiChgLTah SCFbZNOYfTVLYjSUJ,14,12,2015-04-14 3:11
  GCIG  AE,ZAOXYgOXIDZJiCQOeKXZ LJklfeQTlbjlkQHAGLl,10,18,2017-05-03 2:58
D BEHGGHBA, QgSkGFXLXIJPibALW  i IJAWWfVSgSCgeLLihM,14,0,2018-10-29 7:29
EF CBGDDDD,WfTMFZcKaTeeDfjeZidZHNiIKVZfhRDCXPkddjSL,13,19,2012-08-12 6:26
CA EFHAGIG,GEEXDIHgWVOBUIIiKCjQBWGBYGEaPPGiNTaYiHTb,3,13,2012-04-02 1:43
EA CDCCBEA,UCgWib dNaEYSPJZhODZid HQVLldTHGiRYFBYWi,6,1,2014-12-31 2:50
FFEBEIIBIG,kUiSXMdjbFCAJVEER aYGBTKkcjFlfeBcUb  bRC,5,5,2014-07-20 12:32
ADEHDGFFHF,P WOFTFbY VZhaTMgkklkTHMJlMjQYYSPW GYV O,12,7,2014-08-22 10:25
EBFBB  GBF,MDO Kakijefk VTLYbTGOKccRENLidZUT AOKhMQ,12,14,2015-06-06 5:25
IICFHIBHDB,NfAlWD IHSGHEkGLf ClMUHUfJGYKFfQdhfSSAPc,18,11,2011-02-20 10:23
HAEAACGI G,QaEVQHUcBUEBLPhghVi ULXeQWBejXlK KFfQMIG,11,1,2012-08-26 1:23
ABI ADHFFA,c kNgeHNlGOJcKfYOLGDZfbBeEYF UhfjBDWYTAb,15,2,2011-09-24 3:02
